user_id,item_id,Title,Semester,Class,App,Lockdown,Ease, Age,Married,rating
92,57,67,2,3,0.25,2,0.5,2,0.0,2
135,3,38,1,2,1.0,3,1.0,3,0.0,5
365,42,13,2,1,0.25,3,0.0,3,1.0,1
227,19,51,1,2,0.5,2,0.25,2,0.0,2
299,25,36,1,1,0.5,3,0.5,2,1.0,5
420,49,21,1,1,1.0,3,1.0,3,0.0,5
367,37,27,1,1,1.0,3,0.75,3,0.0,5
451,21,10,1,3,0.75,3,0.75,3,0.0,4
351,29,37,2,1,1.0,3,0.5,2,0.0,5
196,39,14,2,3,1.0,2,0.5,3,0.0,5
224,7,24,2,2,0.75,3,1.0,3,0.0,4
101,19,51,1,2,0.5,2,0.25,3,1.0,2
248,38,57,1,1,0.5,3,0.25,2,0.0,2
180,37,27,1,1,0.25,3,0.25,3,0.0,2
97,18,53,1,2,0.0,3,0.25,2,0.0,1
29,21,10,2,3,0.0,3,0.0,2,0.0,1
63,46,35,2,1,0.25,3,0.25,2,0.0,1
230,27,49,2,1,1.0,3,0.75,3,0.0,5
4,48,30,1,1,1.0,3,0.5,3,1.0,5
57,12,56,2,2,1.0,3,1.0,2,0.0,5
250,30,20,1,3,0.0,3,0.25,3,0.0,2
319,50,61,1,1,0.75,1,0.75,2,0.0,5
294,57,67,2,3,0.0,2,0.5,2,0.0,1
303,48,30,2,3,0.75,3,0.75,3,0.0,5
200,9,59,2,2,1.0,3,0.75,3,0.0,5
154,43,28,1,1,0.25,3,0.0,3,1.0,1
21,35,60,2,3,1.0,3,0.75,3,0.0,5
174,48,30,1,3,0.5,2,0.25,2,0.0,5
28,26,26,1,1,1.0,3,1.0,2,0.0,5
405,9,59,1,2,0.25,2,0.25,3,0.0,2
302,29,37,2,1,0.75,3,0.75,3,0.0,5
422,36,64,2,3,0.5,3,0.25,3,0.0,3
272,51,15,2,1,0.0,3,0.5,2,0.0,1
313,21,10,2,1,0.25,3,0.25,3,0.0,1
311,39,14,2,1,1.0,3,0.5,3,0.0,4
365,26,26,2,1,0.25,3,0.25,3,1.0,2
389,61,25,2,1,1.0,3,0.5,2,0.0,5
177,68,2,1,1,0.75,1,0.5,3,1.0,4
356,29,37,1,1,1.0,3,1.0,3,0.0,5
417,50,61,1,3,0.5,3,0.25,3,0.0,1
372,30,20,2,1,1.0,3,0.5,3,0.0,5
316,39,14,2,1,0.75,3,0.75,3,0.0,4
362,30,20,1,1,0.5,3,0.0,3,0.0,3
124,24,46,1,3,1.0,3,0.75,3,1.0,3
385,48,30,2,1,0.75,3,0.75,2,0.0,5
451,40,3,1,3,0.25,3,0.25,3,0.0,2
177,53,19,2,3,0.0,2,0.5,3,1.0,1
86,20,12,1,1,1.0,3,0.5,3,0.0,5
179,20,12,2,3,0.75,2,0.75,3,0.0,5
68,41,7,1,1,0.75,3,0.5,2,0.0,5
216,32,16,1,1,0.75,3,0.5,2,0.0,5
155,3,38,1,2,0.0,3,0.25,3,1.0,1
365,40,3,2,1,0.5,3,0.5,3,1.0,3
426,15,54,2,2,0.75,3,0.75,2,0.0,4
23,20,12,2,3,0.75,2,0.5,3,1.0,5
425,49,21,1,3,0.25,3,0.25,3,0.0,2
279,67,47,1,1,0.75,3,0.5,2,0.0,4
241,29,37,1,1,1.0,3,0.5,2,0.0,5
59,59,69,2,3,0.75,3,0.75,3,0.0,4
98,69,65,1,3,0.75,3,0.5,3,0.0,4
86,48,30,1,3,0.75,3,0.5,3,0.0,5
182,23,62,2,3,0.0,2,0.0,5,0.0,1
195,12,56,2,2,0.5,3,0.25,3,0.0,1
336,36,64,2,3,0.0,2,0.0,2,0.0,1
301,43,28,2,3,0.5,3,0.25,3,0.0,3
341,20,12,1,3,0.75,3,0.75,2,0.0,5
148,69,65,1,1,0.75,3,0.25,5,1.0,4
448,64,32,1,1,0.75,3,0.5,3,0.0,4
247,46,35,2,3,0.75,2,0.25,2,0.0,5
357,36,64,1,1,0.5,3,0.5,2,0.0,2
231,38,57,1,1,0.75,3,0.5,4,0.0,4
14,69,65,2,1,0.0,3,0.0,3,0.0,1
180,50,61,1,1,0.25,3,0.25,3,0.0,2
5,18,53,1,2,0.5,2,0.5,2,0.0,2
259,38,57,2,3,0.5,2,0.5,3,1.0,4
246,44,40,2,1,0.75,3,0.5,3,0.0,5
271,21,10,1,1,0.5,3,0.25,3,0.0,2
392,65,70,1,1,1.0,3,1.0,3,0.0,5
31,8,44,1,2,0.5,2,0.5,2,0.0,2
143,65,70,1,3,0.5,3,0.75,3,1.0,3
308,13,34,1,2,0.75,2,0.5,2,0.0,3
244,62,63,1,1,0.5,3,0.75,1,0.0,4
75,46,35,1,1,1.0,3,0.5,3,0.0,5
251,20,12,2,3,0.75,2,0.5,2,0.0,5
423,38,57,1,1,0.25,3,0.5,3,1.0,2
379,64,32,2,1,0.25,3,0.25,3,0.0,4
60,68,2,1,3,0.75,1,0.75,5,1.0,5
310,32,16,1,1,0.75,3,0.75,2,0.0,4
274,48,30,2,3,1.0,3,0.5,2,0.0,5
178,16,52,1,2,0.5,2,0.75,2,0.0,2
90,50,61,1,3,0.0,3,0.5,3,0.0,1
451,66,4,1,3,1.0,3,1.0,3,0.0,5
445,6,11,2,2,0.75,3,0.75,5,1.0,4
132,35,60,1,1,0.25,3,1.0,3,0.0,1
10,29,37,1,3,0.75,3,0.5,3,0.0,4
213,29,37,2,3,1.0,3,0.75,3,1.0,5
407,58,1,1,1,0.5,3,0.5,3,0.0,2
48,21,10,2,3,0.25,3,0.25,3,0.0,2
369,13,34,1,2,0.75,2,0.5,2,0.0,4
167,28,39,1,3,0.25,3,0.25,2,0.0,2
414,35,60,2,1,0.5,3,0.75,2,0.0,4
5,2,23,1,2,0.75,2,0.75,2,0.0,5
176,24,46,1,3,0.25,3,0.75,3,0.0,5
257,0,17,2,2,0.5,3,0.5,3,0.0,3
155,68,2,2,3,0.5,3,1.0,3,1.0,4
4,25,36,1,3,0.25,3,0.5,3,1.0,2
321,25,36,1,3,0.5,3,0.25,2,0.0,2
99,9,59,1,2,1.0,3,0.75,3,0.0,5
342,31,9,1,1,0.75,3,0.5,2,0.0,4
119,28,39,1,1,0.5,3,0.75,5,1.0,3
379,57,67,2,1,0.5,3,0.25,3,0.0,4
441,27,49,1,1,1.0,3,0.25,1,1.0,5
5,0,17,1,2,0.75,2,0.5,2,0.0,4
47,29,37,2,3,1.0,3,1.0,3,0.0,5
352,24,46,1,1,0.25,3,0.25,2,0.0,2
371,20,12,1,3,0.5,3,0.5,3,0.0,4
81,45,68,1,1,0.75,3,0.25,2,0.0,3
37,36,64,1,1,1.0,3,0.75,3,0.0,5
132,55,29,1,1,1.0,3,0.25,3,0.0,5
300,49,21,1,3,0.25,3,0.25,2,0.0,3
434,40,3,1,3,0.5,2,0.5,5,1.0,4
422,38,57,2,3,1.0,3,1.0,3,0.0,5
123,40,3,1,3,0.25,1,0.0,2,0.0,1
36,63,45,2,1,0.25,3,0.75,2,0.0,1
393,25,36,1,1,1.0,3,0.75,2,0.0,4
404,39,14,1,1,0.5,3,0.25,2,0.0,2
98,21,10,1,3,0.5,3,0.75,3,0.0,2
403,60,66,1,3,0.5,3,0.75,2,0.0,3
229,31,9,1,3,1.0,3,1.0,3,0.0,5
298,1,48,1,2,0.0,2,0.0,2,0.0,1
185,6,11,1,2,0.75,2,0.75,2,0.0,5
206,14,58,1,2,0.0,3,0.5,3,0.0,3
15,14,58,1,2,0.5,2,0.5,2,0.0,2
223,24,46,2,1,0.25,3,0.25,2,0.0,2
158,28,39,2,3,0.5,3,0.5,3,1.0,2
51,64,32,1,3,0.75,1,0.75,2,0.0,3
27,48,30,1,1,1.0,3,0.75,3,0.0,4
46,7,24,1,2,0.75,3,0.75,3,0.0,4
354,23,62,1,1,0.5,3,0.25,3,0.0,2
422,63,45,2,3,0.5,3,0.75,3,0.0,5
180,6,11,1,2,0.25,3,0.5,3,0.0,3
357,37,27,1,1,0.75,3,0.5,2,0.0,4
114,22,33,2,3,0.0,3,0.5,5,1.0,3
41,21,10,1,1,0.75,3,0.5,3,0.0,4
407,24,46,1,1,0.75,3,0.75,3,0.0,5
345,62,63,2,1,0.75,3,0.75,2,0.0,4
124,20,12,1,3,1.0,3,0.75,3,1.0,5
414,39,14,1,3,1.0,3,1.0,2,0.0,4
116,53,19,1,1,0.75,3,0.75,2,0.0,4
176,26,26,1,3,0.5,3,0.5,3,0.0,3
107,65,70,1,1,0.75,3,1.0,3,0.0,4
314,38,57,2,1,0.5,3,0.25,2,0.0,2
338,68,2,2,3,0.0,2,1.0,2,0.0,1
299,39,14,1,1,0.75,3,0.5,2,1.0,5
331,14,58,2,2,0.25,3,0.25,2,0.0,2
333,0,17,1,2,0.25,2,0.0,3,1.0,3
45,4,41,1,2,1.0,2,0.75,2,0.0,5
98,62,63,1,3,0.5,3,0.75,3,0.0,4
215,24,46,1,1,0.75,1,0.5,2,0.0,4
376,25,36,2,1,0.5,3,0.5,3,0.0,5
246,45,68,2,1,0.75,3,0.25,3,0.0,4
342,20,12,1,1,1.0,3,0.5,2,0.0,5
37,34,42,1,1,0.75,3,0.75,3,0.0,3
423,39,14,1,1,1.0,3,0.75,3,1.0,5
115,69,65,1,1,1.0,3,0.75,1,1.0,5
304,51,15,2,1,0.25,3,0.0,3,0.0,1
331,5,5,2,2,0.75,3,0.75,2,0.0,4
59,14,58,1,2,0.25,3,0.25,3,0.0,2
372,67,47,2,1,0.5,3,0.5,3,0.0,4
218,56,18,1,1,0.25,3,0.75,3,1.0,2
396,50,61,1,3,0.0,3,0.25,3,0.0,2
377,68,2,1,3,1.0,3,0.75,2,1.0,5
79,23,62,1,1,0.75,3,0.5,2,0.0,5
363,39,14,1,1,0.5,3,0.5,2,0.0,5
417,59,69,1,1,1.0,3,1.0,3,0.0,5
432,37,27,2,3,0.5,3,0.5,3,0.0,2
168,0,17,1,2,0.25,2,0.25,3,1.0,2
308,10,31,1,2,0.75,2,0.75,2,0.0,4
120,21,10,2,3,0.0,2,0.75,3,0.0,1
114,20,12,2,1,1.0,3,1.0,5,1.0,4
100,13,34,2,2,1.0,3,1.0,3,0.0,5
448,28,39,1,1,0.25,3,0.25,3,0.0,2
274,58,1,2,3,1.0,3,1.0,2,0.0,3
112,64,32,1,3,0.75,2,0.75,5,1.0,4
5,4,41,1,2,0.75,2,1.0,2,0.0,5
227,12,56,1,2,0.5,2,0.25,2,0.0,2
182,36,64,2,3,0.5,2,0.25,5,0.0,2
286,31,9,1,3,1.0,3,0.75,3,0.0,4
272,29,37,2,1,1.0,3,0.5,2,0.0,4
191,59,69,2,1,0.75,3,0.5,2,0.0,4
158,63,45,2,3,0.75,3,0.75,3,1.0,4
342,0,17,1,2,1.0,3,0.75,2,0.0,5
376,56,18,2,1,0.25,3,0.5,3,0.0,5
216,39,14,1,1,0.5,3,0.5,2,0.0,1
124,26,26,1,3,1.0,3,0.75,3,1.0,5
282,68,2,2,1,0.75,3,0.5,2,0.0,4
102,23,62,1,3,0.5,3,0.75,3,0.0,3
27,55,29,1,1,0.75,3,0.75,3,0.0,3
325,49,21,2,3,0.25,3,0.25,2,0.0,2
44,29,37,1,1,1.0,3,1.0,2,0.0,5
81,23,62,1,1,0.75,3,0.5,2,0.0,3
131,56,18,2,3,0.25,3,0.25,2,0.0,3
267,61,25,1,3,0.75,1,0.5,2,0.0,4
104,43,28,2,3,0.25,2,0.5,3,1.0,2
228,22,33,2,1,1.0,3,0.75,5,1.0,5
369,18,53,1,2,0.75,2,0.5,2,0.0,5
411,27,49,1,1,0.75,3,0.5,1,0.0,4
315,62,63,1,1,1.0,3,1.0,3,0.0,5
200,7,24,2,2,1.0,3,0.5,3,0.0,5
450,41,7,1,1,0.75,3,0.75,2,0.0,4
49,20,12,2,3,0.5,2,0.75,3,0.0,4
23,40,3,2,3,0.25,2,0.5,3,1.0,2
66,13,34,1,2,0.25,2,0.25,2,0.0,1
238,24,46,1,1,0.25,3,0.25,3,0.0,5
55,31,9,2,3,0.75,3,1.0,2,0.0,5
151,23,62,2,1,0.25,3,0.5,1,0.0,2
386,21,10,2,1,0.75,3,0.75,2,0.0,4
312,52,6,2,3,0.25,3,0.25,2,0.0,2
200,57,67,1,1,1.0,3,0.75,3,0.0,5
93,25,36,1,1,0.75,3,0.5,3,1.0,4
51,51,15,1,3,0.75,1,0.75,2,0.0,2
160,40,3,1,1,0.75,3,0.75,3,1.0,5
308,2,23,1,2,0.25,2,0.25,2,0.0,2
133,60,66,1,1,0.75,3,0.5,2,0.0,4
230,30,20,2,1,0.5,3,0.5,3,0.0,2
441,68,2,1,1,0.75,3,0.25,1,1.0,4
184,55,29,1,1,1.0,3,1.0,3,0.0,5
320,13,34,1,2,0.5,2,0.25,3,0.0,1
275,5,5,1,2,0.0,3,0.0,2,0.0,1
401,8,44,1,2,0.75,2,0.5,2,0.0,5
219,38,57,2,3,0.0,3,0.0,2,0.0,1
418,31,9,1,3,0.75,3,0.75,3,0.0,4
288,69,65,1,1,1.0,3,0.75,3,0.0,5
28,60,66,1,1,0.75,3,0.75,2,0.0,5
198,21,10,1,1,0.25,3,0.25,2,0.0,3
78,59,69,2,1,0.5,3,0.25,1,1.0,4
393,18,53,1,2,0.0,3,0.0,2,0.0,1
345,68,2,2,1,1.0,3,1.0,2,0.0,5
3,33,50,2,1,0.25,3,0.0,3,1.0,1
248,29,37,1,1,1.0,3,0.75,2,0.0,4
155,31,9,1,1,1.0,3,0.75,3,1.0,5
444,32,16,2,3,0.5,2,0.5,3,0.0,4
12,24,46,1,1,0.75,3,0.75,3,0.0,5
21,35,60,2,1,1.0,3,0.75,3,0.0,5
316,37,27,2,1,0.25,3,0.5,3,0.0,2
182,32,16,2,3,0.75,2,0.5,5,0.0,5
59,51,15,2,3,0.5,3,0.5,3,0.0,2
163,29,37,1,3,0.25,3,0.25,2,0.0,2
93,69,65,2,3,0.75,3,0.0,3,1.0,1
74,61,25,1,1,0.25,3,0.5,2,0.0,2
235,61,25,1,1,0.25,1,1.0,2,0.0,1
151,25,36,2,1,0.5,3,0.5,1,0.0,5
450,33,50,1,1,0.25,3,0.5,2,0.0,1
195,21,10,1,1,0.25,3,0.25,3,0.0,2
76,29,37,2,1,1.0,3,0.75,2,0.0,4
145,46,35,1,3,0.5,3,0.75,2,0.0,3
273,53,19,2,3,1.0,2,0.75,3,0.0,5
250,22,33,1,3,1.0,3,0.75,3,0.0,4
342,28,39,1,1,0.25,3,0.25,2,0.0,2
192,29,37,1,1,1.0,3,1.0,3,0.0,5
444,49,21,2,3,0.75,2,0.5,3,0.0,3
257,23,62,2,3,0.75,3,0.75,3,0.0,2
185,5,5,1,2,0.75,2,1.0,2,0.0,5
423,9,59,1,2,0.25,3,0.25,3,1.0,1
94,34,42,1,1,0.25,3,0.25,3,0.0,2
167,61,25,1,3,1.0,3,0.75,2,0.0,4
172,26,26,1,3,0.0,2,0.25,3,1.0,2
418,60,66,1,3,0.75,3,0.75,3,0.0,4
302,63,45,2,1,1.0,3,0.75,3,0.0,5
301,34,42,2,3,0.5,3,1.0,3,0.0,5
315,9,59,1,2,0.75,3,1.0,3,0.0,4
130,25,36,2,3,0.5,2,0.5,3,0.0,2
368,34,42,1,3,0.75,3,1.0,2,0.0,3
228,22,33,2,3,1.0,3,0.75,5,1.0,5
227,17,22,1,2,0.5,2,0.5,2,0.0,3
268,43,28,1,1,0.25,3,0.25,3,0.0,1
365,29,37,2,1,0.5,3,0.5,3,1.0,3
281,35,60,1,1,0.25,3,0.5,5,1.0,2
32,66,4,2,3,0.75,2,0.5,2,0.0,5
232,39,14,1,1,0.75,3,0.5,3,0.0,5
74,36,64,1,3,0.25,3,0.5,2,0.0,2
302,63,45,2,3,1.0,3,0.75,3,0.0,5
365,36,64,2,1,0.0,3,0.0,3,1.0,2
255,58,1,2,3,0.75,2,0.5,2,0.0,4
323,9,59,2,2,1.0,3,0.75,3,0.0,5
322,46,35,1,1,0.75,3,0.5,3,0.0,5
376,63,45,2,1,1.0,3,0.75,3,0.0,5
7,30,20,1,1,0.5,3,0.0,3,0.0,1
423,13,34,1,2,1.0,3,1.0,3,1.0,4
126,34,42,1,1,0.25,3,0.25,3,0.0,2
14,43,28,2,1,0.0,3,0.0,3,0.0,1
32,55,29,2,3,0.75,2,0.75,2,0.0,4
60,43,28,1,3,0.5,1,0.5,5,1.0,3
317,33,50,1,1,0.5,3,0.5,5,1.0,5
310,30,20,2,3,0.5,3,0.5,2,0.0,2
352,20,12,1,1,0.25,3,0.25,2,0.0,2
296,63,45,1,3,0.25,3,0.75,3,1.0,2
232,68,2,1,1,0.5,3,0.75,3,0.0,4
214,55,29,1,3,0.25,3,0.25,2,0.0,1
349,21,10,1,1,0.75,3,0.5,3,1.0,2
281,34,42,1,1,0.5,3,0.75,5,1.0,2
14,36,64,2,1,0.0,3,0.0,3,0.0,1
285,48,30,1,1,1.0,3,1.0,2,0.0,5
50,48,30,1,1,0.25,3,0.25,2,0.0,3
41,22,33,1,1,0.25,3,0.0,3,0.0,1
1,35,60,1,3,0.5,3,0.75,2,0.0,4
397,67,47,2,3,0.25,2,0.25,2,0.0,1
405,0,17,1,2,0.25,2,0.25,3,0.0,2
334,49,21,1,3,0.5,3,0.75,3,0.0,3
435,31,9,2,1,0.75,3,0.75,2,0.0,5
308,3,38,1,2,0.5,2,0.5,2,0.0,4
238,41,7,1,1,0.5,3,0.5,3,0.0,4
126,61,25,1,1,0.75,3,0.75,3,0.0,4
282,43,28,2,1,0.25,3,0.0,2,0.0,1
16,20,12,2,3,0.75,3,0.75,2,0.0,5
334,27,49,1,3,1.0,3,1.0,3,0.0,4
384,68,2,1,3,0.5,1,0.75,3,0.0,4
129,24,46,1,3,0.75,2,0.5,5,1.0,4
201,21,10,1,1,0.0,3,0.0,1,1.0,1
142,68,2,1,1,1.0,3,0.5,3,0.0,5
301,53,19,2,1,0.25,3,0.25,3,0.0,3
214,48,30,1,3,0.25,3,0.25,2,0.0,1
324,21,10,1,3,0.75,3,0.5,2,0.0,5
7,40,3,1,1,0.5,3,0.75,3,0.0,4
212,37,27,2,3,0.5,2,0.5,3,0.0,4
303,4,41,1,2,0.75,3,0.75,3,0.0,4
34,69,65,2,1,1.0,3,0.5,3,0.0,4
154,46,35,1,1,0.75,3,0.75,3,1.0,3
62,26,26,2,1,0.25,3,0.25,3,1.0,2
52,55,29,1,1,1.0,3,0.5,3,0.0,5
388,38,57,1,1,0.25,3,0.5,1,0.0,2
124,63,45,1,1,0.5,3,1.0,3,1.0,5
5,17,22,1,2,0.75,2,0.75,2,0.0,4
166,25,36,1,1,0.75,3,0.5,3,0.0,5
299,37,27,1,1,0.5,3,0.5,2,1.0,3
216,28,39,1,1,0.5,3,0.5,2,0.0,2
265,57,67,1,1,0.75,3,0.25,3,0.0,5
392,8,44,2,2,0.75,3,0.75,3,0.0,5
300,54,55,1,3,0.75,3,1.0,2,0.0,5
34,30,20,2,1,0.0,3,0.25,3,0.0,2
317,35,60,1,1,0.0,3,0.5,5,1.0,1
42,69,65,2,1,0.75,3,0.75,2,0.0,4
152,4,41,1,2,0.25,2,0.5,3,0.0,1
442,43,28,1,1,0.5,3,0.75,3,0.0,2
136,67,47,1,3,0.0,3,0.25,2,0.0,1
62,46,35,1,3,1.0,3,0.75,3,1.0,5
187,62,63,1,3,1.0,3,0.75,3,0.0,5
183,9,59,1,2,1.0,3,0.5,3,0.0,5
323,18,53,2,2,0.0,3,0.5,3,0.0,1
128,35,60,1,3,0.75,3,0.5,2,0.0,3
10,62,63,1,3,0.5,3,0.5,3,0.0,3
156,21,10,2,1,0.5,3,0.75,2,0.0,4
346,23,62,1,1,0.75,3,0.5,2,1.0,2
88,0,17,2,2,1.0,3,0.75,2,0.0,4
445,19,51,2,2,0.5,3,0.5,5,1.0,3
244,46,35,1,1,1.0,3,0.5,1,0.0,4
99,33,50,1,1,0.25,3,0.25,3,0.0,2
274,50,61,2,3,0.75,3,0.5,2,0.0,5
344,35,60,1,1,0.75,3,0.75,3,0.0,2
311,32,16,2,1,1.0,3,0.5,3,0.0,4
265,49,21,1,1,0.75,3,0.25,3,0.0,5
279,28,39,1,3,0.5,3,0.5,2,0.0,2
176,23,62,1,3,0.5,3,0.5,3,0.0,5
435,23,62,2,1,0.0,3,0.5,2,0.0,2
320,17,22,1,2,0.5,2,0.25,3,0.0,2
383,41,7,1,1,0.75,3,0.75,3,0.0,3
346,31,9,1,3,0.5,3,0.5,2,1.0,4
272,63,45,1,3,0.0,3,0.25,2,0.0,1
365,58,1,2,1,0.0,3,0.0,3,1.0,1
378,32,16,2,1,0.75,3,0.75,3,0.0,5
187,30,20,1,3,0.0,3,0.25,3,0.0,2
78,36,64,2,1,0.0,3,0.0,1,1.0,1
391,20,12,2,3,0.75,2,0.75,3,0.0,5
149,28,39,2,3,0.25,3,0.75,3,0.0,1
54,20,12,1,1,1.0,3,0.75,3,0.0,4
96,58,1,1,1,0.75,3,0.75,1,1.0,5
7,68,2,1,1,0.75,3,0.75,3,0.0,5
453,24,46,1,1,1.0,3,1.0,2,0.0,4
160,11,43,1,2,0.25,3,0.0,3,1.0,2
27,26,26,2,3,0.75,3,0.5,3,0.0,2
37,22,33,1,1,0.75,3,0.5,3,0.0,4
116,28,39,1,1,0.25,3,0.5,2,0.0,2
92,46,35,2,3,0.75,2,0.75,2,0.0,5
117,23,62,1,3,0.75,2,0.75,3,0.0,4
183,18,53,1,2,0.25,3,0.25,3,0.0,2
128,37,27,1,3,0.5,3,0.5,2,0.0,3
313,65,70,2,1,0.5,3,0.25,3,0.0,5
88,12,56,2,2,0.75,3,0.75,2,0.0,5
365,55,29,2,1,0.0,3,0.0,3,1.0,1
414,40,3,2,1,0.75,3,0.5,2,0.0,2
449,48,30,1,1,0.75,3,0.75,3,0.0,5
95,0,17,1,2,1.0,2,1.0,2,0.0,5
197,4,41,1,2,0.75,2,0.75,2,0.0,5
435,22,33,2,1,0.5,3,0.5,2,0.0,4
32,61,25,2,3,0.25,2,0.25,2,0.0,2
108,58,1,1,3,0.0,3,0.0,1,1.0,3
118,35,60,1,3,0.25,3,0.0,3,1.0,2
395,68,2,1,3,0.75,3,0.5,2,0.0,4
190,15,54,2,2,0.25,3,0.5,3,0.0,3
143,35,60,1,3,1.0,3,0.75,3,1.0,5
400,59,69,1,3,0.5,1,1.0,3,1.0,2
105,32,16,1,3,0.75,3,0.75,3,0.0,4
278,61,25,2,3,0.0,2,0.5,2,0.0,3
400,37,27,1,3,0.75,1,1.0,3,1.0,5
373,45,68,1,1,0.75,3,0.75,3,1.0,4
328,24,46,1,1,0.25,3,0.5,2,0.0,3
408,67,47,2,1,1.0,3,0.5,2,0.0,4
414,28,39,2,1,0.75,3,0.75,2,0.0,2
363,54,55,1,1,0.25,3,0.5,2,0.0,1
275,12,56,1,2,0.0,3,0.0,2,0.0,1
420,35,60,1,1,0.25,3,0.25,3,0.0,1
280,0,17,2,2,1.0,3,0.75,2,0.0,5
421,38,57,2,3,0.0,3,0.75,2,0.0,2
314,37,27,2,1,0.25,3,0.5,2,0.0,3
41,24,46,2,3,0.75,3,0.5,3,0.0,1
393,54,55,1,1,0.75,3,0.75,2,0.0,4
376,20,12,2,1,0.25,3,0.25,3,0.0,3
241,24,46,1,3,1.0,3,1.0,2,0.0,5
369,16,52,1,2,0.5,2,0.25,2,0.0,2
157,33,50,1,3,0.5,2,0.0,2,0.0,2
272,23,62,1,3,0.75,3,0.75,2,0.0,4
12,21,10,1,1,0.25,3,0.25,3,0.0,2
243,27,49,2,1,0.5,3,0.5,3,0.0,4
205,8,44,1,2,0.75,2,0.5,2,0.0,5
115,30,20,1,1,1.0,3,0.75,1,1.0,5
68,24,46,1,1,0.5,3,0.25,2,0.0,3
25,68,2,2,1,0.5,3,0.75,2,0.0,4
327,6,11,1,2,0.5,2,0.0,2,0.0,4
395,52,6,1,1,0.5,3,0.5,2,0.0,1
2,53,19,1,1,1.0,3,0.75,3,0.0,5
134,11,43,1,2,0.75,2,0.5,3,0.0,5
262,58,1,1,1,0.5,3,0.5,2,1.0,3
296,68,2,1,1,1.0,3,0.75,3,1.0,4
431,22,33,2,1,0.0,3,0.25,3,0.0,1
78,37,27,2,1,0.5,3,0.0,1,1.0,3
220,63,45,1,3,0.75,2,0.75,3,0.0,4
92,55,29,2,3,0.75,2,0.75,2,0.0,5
277,56,18,2,3,0.0,2,0.0,3,1.0,1
305,20,12,1,3,0.5,3,0.25,3,1.0,2
229,38,57,1,1,1.0,3,0.75,3,0.0,5
47,26,26,2,3,0.25,3,0.25,3,0.0,2
199,68,2,1,1,0.75,3,0.75,5,1.0,5
341,27,49,2,1,0.75,3,0.5,2,0.0,5
443,29,37,1,3,0.5,1,0.5,2,0.0,4
149,24,46,2,3,0.75,3,0.75,3,0.0,4
308,4,41,1,2,0.75,2,0.75,2,0.0,4
422,44,40,2,3,0.75,3,0.25,3,0.0,2
333,13,34,1,2,0.75,2,0.5,3,1.0,5
393,67,47,2,3,0.25,3,0.75,2,0.0,3
144,28,39,1,1,0.0,3,0.25,2,0.0,2
414,57,67,2,1,0.75,3,0.75,2,0.0,5
278,37,27,2,3,0.75,2,0.0,2,0.0,5
367,17,22,1,2,0.5,3,0.5,3,0.0,3
144,48,30,1,1,1.0,3,0.5,2,0.0,4
157,28,39,1,3,0.25,2,1.0,2,0.0,2
406,69,65,1,1,0.5,3,0.5,2,0.0,1
365,22,33,1,3,0.0,3,0.0,3,1.0,1
23,29,37,2,3,0.75,2,0.5,3,1.0,5
229,28,39,1,3,1.0,3,0.75,3,0.0,2
96,60,66,1,1,0.0,3,0.25,1,1.0,2
414,61,25,1,3,1.0,3,1.0,2,0.0,5
232,35,60,1,1,0.5,3,0.25,3,0.0,2
410,1,48,2,2,0.25,3,0.5,4,0.0,2
282,48,30,2,1,0.75,3,0.75,2,0.0,4
233,39,14,2,1,1.0,3,1.0,3,0.0,4
103,26,26,2,1,0.25,3,0.25,3,1.0,2
274,44,40,2,3,0.0,3,0.0,2,0.0,1
26,24,46,1,1,0.75,3,0.5,2,0.0,5
29,39,14,2,1,0.0,3,0.0,2,0.0,1
22,66,4,2,3,0.5,3,0.75,3,1.0,4
365,63,45,2,1,0.0,3,0.0,3,1.0,1
1,37,27,2,1,0.75,3,1.0,2,0.0,3
283,3,38,1,2,0.25,3,0.0,2,0.0,2
440,39,14,2,3,0.75,2,0.5,3,0.0,4
359,26,26,1,1,0.25,3,0.25,2,1.0,1
271,27,49,1,1,0.5,3,0.0,3,0.0,2
432,29,37,2,3,1.0,3,0.75,3,0.0,5
310,7,24,2,2,0.75,3,0.75,2,0.0,4
360,38,57,1,1,0.5,3,0.75,2,0.0,4
246,42,13,2,1,1.0,3,0.25,3,0.0,5
252,16,52,1,2,0.25,2,0.25,3,0.0,2
302,67,47,2,3,0.25,3,0.25,3,0.0,1
201,43,28,1,1,0.0,3,0.0,1,1.0,1
338,51,15,2,3,1.0,2,0.5,2,0.0,5
186,39,14,1,3,1.0,2,0.5,5,1.0,4
195,20,12,1,1,0.25,3,0.25,3,0.0,2
325,32,16,2,3,0.25,3,0.25,2,0.0,2
244,29,37,1,1,0.25,3,0.0,1,0.0,1
356,63,45,1,1,0.25,3,1.0,3,0.0,2
296,13,34,1,2,1.0,3,1.0,3,1.0,5
157,29,37,1,3,1.0,2,0.5,2,0.0,5
433,68,2,1,1,1.0,3,0.75,3,0.0,5
408,60,66,2,1,0.25,3,0.75,2,0.0,2
65,24,46,1,1,0.75,3,1.0,3,0.0,3
102,21,10,1,3,0.5,3,1.0,3,0.0,3
220,52,6,1,3,0.5,2,0.5,3,0.0,1
176,51,15,1,1,0.5,3,0.75,3,0.0,1
72,20,12,2,1,0.75,3,0.75,2,0.0,4
392,23,62,1,1,0.5,3,0.25,3,0.0,2
177,20,12,1,1,1.0,1,0.75,3,1.0,5
452,65,70,1,3,0.75,3,1.0,2,0.0,5
41,29,37,2,3,0.5,3,0.5,3,0.0,4
62,54,55,2,1,0.75,3,0.5,3,1.0,2
210,33,50,2,3,0.5,2,0.5,3,0.0,2
122,33,50,1,1,0.0,3,0.0,2,0.0,2
55,31,9,2,1,0.75,3,1.0,2,0.0,5
182,25,36,2,3,0.5,2,0.75,5,0.0,5
17,67,47,2,1,0.5,3,0.25,2,0.0,1
166,22,33,1,1,0.5,3,0.5,3,0.0,3
33,61,25,1,3,0.5,2,0.5,5,1.0,4
377,37,27,1,1,0.5,3,0.5,2,1.0,1
174,57,67,1,3,0.5,2,0.5,2,0.0,5
73,0,17,1,2,0.25,2,0.0,2,0.0,2
343,25,36,2,1,1.0,3,0.75,1,1.0,4
383,36,64,1,1,0.75,3,0.75,3,0.0,2
248,5,5,1,2,0.75,3,0.5,2,0.0,5
418,43,28,1,3,0.75,3,0.75,3,0.0,4
272,36,64,1,3,1.0,3,0.75,2,0.0,5
122,48,30,1,1,0.75,3,0.5,2,0.0,4
269,59,69,1,1,0.5,3,1.0,2,0.0,2
395,37,27,1,1,1.0,3,0.5,2,0.0,5
422,68,2,1,1,0.75,3,1.0,3,0.0,5
104,29,37,2,3,1.0,2,0.75,3,1.0,5
153,57,67,1,1,0.75,3,0.5,3,0.0,2
380,44,40,1,1,0.75,3,0.5,3,0.0,3
304,23,62,2,1,0.25,3,0.0,3,0.0,1
443,53,19,1,3,1.0,1,0.5,2,0.0,5
403,43,28,1,3,1.0,3,1.0,2,0.0,3
141,12,56,2,2,0.0,3,0.25,3,0.0,1
167,21,10,1,3,0.25,3,0.25,2,0.0,3
277,50,61,2,3,0.0,2,0.0,3,1.0,1
431,61,25,2,1,1.0,3,0.75,3,0.0,5
303,22,33,2,3,1.0,3,0.5,3,0.0,3
272,65,70,1,3,0.75,3,0.75,2,0.0,4
228,31,9,2,3,1.0,3,0.75,5,1.0,5
210,27,49,2,3,0.25,2,0.25,3,0.0,2
98,66,4,1,3,1.0,3,0.5,3,0.0,4
418,36,64,1,3,0.75,3,0.75,3,0.0,5
242,48,30,1,3,1.0,2,0.5,2,0.0,5
222,28,39,1,1,0.5,3,0.75,3,0.0,2
262,26,26,2,3,0.5,3,0.25,2,1.0,2
450,67,47,1,1,0.25,3,0.75,2,0.0,1
175,48,30,1,3,1.0,3,1.0,3,0.0,5
245,48,30,1,3,0.75,3,0.75,5,0.0,5
174,29,37,1,3,0.0,2,0.25,2,0.0,2
414,24,46,2,1,0.75,3,0.5,2,0.0,4
417,34,42,1,3,0.75,3,0.5,3,0.0,4
153,62,63,1,1,0.75,3,0.5,3,0.0,2
281,40,3,1,1,1.0,3,1.0,5,1.0,5
60,67,47,1,3,0.5,1,0.5,5,1.0,3
107,56,18,1,1,0.5,3,1.0,3,0.0,4
154,29,37,1,1,1.0,3,0.75,3,1.0,4
376,65,70,2,1,1.0,3,0.5,3,0.0,5
139,25,36,2,3,0.75,2,0.75,3,0.0,4
278,20,12,2,3,1.0,2,0.0,2,0.0,3
158,37,27,1,1,0.75,3,1.0,3,1.0,4
120,26,26,2,3,0.0,2,0.75,3,0.0,1
351,68,2,2,1,0.75,3,1.0,2,0.0,5
346,23,62,1,3,0.5,3,0.5,2,1.0,3
331,11,43,2,2,0.25,3,0.25,2,0.0,2
322,23,62,1,1,0.25,3,0.25,3,0.0,1
125,34,42,1,1,0.25,3,0.25,2,0.0,1
231,56,18,1,1,0.75,3,0.5,4,0.0,4
246,35,60,2,1,0.75,3,0.25,3,0.0,4
122,68,2,2,3,1.0,3,0.5,2,0.0,5
276,28,39,1,3,0.5,2,0.5,2,0.0,5
189,21,10,1,1,0.25,3,0.5,3,0.0,1
160,21,10,1,3,0.0,3,0.25,3,1.0,1
123,31,9,1,3,0.25,1,0.75,2,0.0,4
271,39,14,1,1,0.75,3,0.75,3,0.0,5
244,65,70,1,1,1.0,3,0.5,1,0.0,4
74,44,40,1,1,0.25,3,0.5,2,0.0,1
34,20,12,2,1,0.75,3,0.5,3,0.0,4
446,43,28,1,1,0.0,3,0.0,2,0.0,1
136,39,14,1,1,1.0,3,0.75,2,0.0,5
285,23,62,1,1,0.25,3,0.25,2,0.0,2
80,2,23,1,2,0.25,2,0.5,3,1.0,2
412,34,42,1,1,1.0,1,1.0,3,1.0,5
4,22,33,1,1,0.25,3,0.5,3,1.0,2
351,23,62,2,1,0.0,3,0.75,2,0.0,1
244,60,66,1,1,1.0,3,0.75,1,0.0,4
312,24,46,2,3,0.25,3,0.25,2,0.0,1
332,39,14,1,1,1.0,3,0.75,2,0.0,4
98,31,9,1,1,0.5,3,0.5,3,0.0,3
310,13,34,2,2,0.75,3,0.75,2,0.0,4
241,26,26,1,1,0.0,3,0.0,2,0.0,1
387,27,49,1,1,0.25,3,0.5,2,0.0,2
374,31,9,2,3,1.0,3,0.75,3,0.0,5
244,22,33,1,3,0.5,3,0.5,1,0.0,4
122,47,8,2,1,0.25,3,0.0,2,0.0,2
265,48,30,1,1,0.75,3,0.25,3,0.0,5
414,48,30,2,1,0.75,3,0.75,2,0.0,4
110,57,67,1,1,1.0,3,0.75,2,0.0,4
124,38,57,1,3,1.0,3,1.0,3,1.0,5
124,62,63,1,3,1.0,3,1.0,3,1.0,3
71,32,16,1,3,0.5,3,0.75,3,0.0,3
145,35,60,1,3,0.0,3,0.0,2,0.0,2
26,22,33,1,1,0.0,3,0.0,2,0.0,1
244,30,20,1,1,1.0,3,1.0,1,0.0,5
30,23,62,1,1,0.0,3,0.25,2,0.0,2
145,37,27,1,3,0.75,3,0.5,2,0.0,3
150,65,70,1,3,0.5,2,0.5,3,0.0,4
83,20,12,1,1,1.0,3,0.75,5,1.0,5
225,59,69,1,1,0.25,3,0.25,2,0.0,2
122,49,21,2,1,0.5,3,0.0,2,0.0,2
78,53,19,2,1,0.75,3,0.25,1,1.0,4
419,9,59,1,2,0.0,2,0.0,3,0.0,1
322,41,7,1,1,0.75,3,0.5,3,0.0,4
318,20,12,1,3,0.75,3,0.75,3,0.0,1
229,29,37,1,1,1.0,3,1.0,3,0.0,4
358,31,9,1,3,0.25,2,0.25,2,0.0,3
198,26,26,1,1,0.25,3,0.25,2,0.0,3
249,50,61,1,1,1.0,3,1.0,2,0.0,5
163,59,69,1,3,0.25,3,0.25,2,0.0,2
136,18,53,1,2,0.5,3,0.0,2,0.0,2
121,2,23,2,2,0.75,3,0.5,2,0.0,5
32,62,63,2,3,0.5,2,0.75,2,0.0,4
345,48,30,2,1,1.0,3,1.0,2,0.0,5
29,20,12,2,3,0.5,3,0.5,2,0.0,3
375,39,14,2,1,0.75,3,0.5,2,0.0,4
118,32,16,1,3,0.75,3,0.75,3,1.0,5
172,30,20,1,3,0.0,2,0.75,3,1.0,1
82,23,62,2,3,0.5,3,0.75,3,0.0,2
387,23,62,1,1,0.0,3,0.75,2,0.0,1
6,31,9,1,3,0.75,2,0.25,3,0.0,3
310,49,21,1,1,0.25,3,0.25,2,0.0,2
344,20,12,1,1,1.0,3,0.75,3,0.0,5
83,23,62,1,1,0.5,3,0.5,5,1.0,2
253,27,49,2,1,0.75,3,0.75,2,0.0,5
365,32,16,2,1,0.75,3,1.0,3,1.0,4
131,56,18,2,1,0.25,3,0.25,2,0.0,3
392,4,41,2,2,0.25,3,0.25,3,0.0,2
42,39,14,2,1,1.0,3,0.5,2,0.0,4
179,27,49,2,3,0.5,2,0.5,3,0.0,2
53,33,50,2,1,0.25,3,0.75,2,0.0,1
204,40,3,1,1,1.0,3,0.5,1,0.0,5
61,54,55,1,1,0.75,3,0.5,2,0.0,4
136,20,12,1,3,1.0,3,1.0,2,0.0,5
396,24,46,1,3,0.75,3,0.75,3,0.0,5
286,45,68,1,3,0.0,3,0.5,3,0.0,3
295,30,20,1,3,1.0,3,0.5,3,0.0,5
95,18,53,1,2,0.5,2,0.5,2,0.0,2
417,36,64,1,3,1.0,3,0.75,3,0.0,5
441,25,36,1,1,0.0,3,0.0,1,1.0,1
277,26,26,2,3,0.0,2,0.0,3,1.0,1
197,15,54,1,2,0.5,2,0.5,2,0.0,2
54,37,27,1,1,1.0,3,0.75,3,0.0,5
397,28,39,2,3,1.0,2,0.5,2,0.0,5
58,68,2,1,3,0.75,3,0.75,3,0.0,4
191,49,21,2,1,0.5,3,0.25,2,0.0,4
395,56,18,1,1,1.0,3,0.5,2,0.0,5
185,18,53,1,2,0.5,2,1.0,2,0.0,2
361,37,27,1,1,0.75,3,0.5,3,1.0,3
264,30,20,2,3,0.75,3,0.5,3,0.0,4
311,31,9,2,1,1.0,3,0.5,3,0.0,5
150,34,42,1,3,1.0,2,0.75,3,0.0,5
63,24,46,2,3,0.0,3,0.25,2,0.0,2
145,55,29,1,3,1.0,3,1.0,2,0.0,4
15,8,44,1,2,0.75,2,0.5,2,0.0,4
396,60,66,1,1,0.25,3,0.5,3,0.0,2
229,51,15,1,1,0.75,3,0.75,3,0.0,2
31,10,31,1,2,0.5,2,0.25,2,0.0,3
11,9,59,1,2,0.25,2,0.5,2,0.0,1
422,50,61,1,1,0.25,3,0.0,3,0.0,3
89,48,30,2,1,1.0,3,0.5,2,0.0,5
203,8,44,2,2,0.75,3,0.75,4,0.0,4
212,69,65,2,3,1.0,2,0.25,3,0.0,3
17,29,37,2,1,0.75,3,0.75,2,0.0,5
274,69,65,2,3,0.75,3,0.25,2,0.0,4
229,61,25,1,1,1.0,3,0.75,3,0.0,5
403,46,35,2,1,1.0,3,0.75,2,0.0,5
396,20,12,1,3,0.75,3,0.5,3,0.0,4
424,36,64,2,1,0.75,3,0.75,3,0.0,4
44,67,47,1,1,0.25,3,0.25,2,0.0,3
238,29,37,1,1,0.5,3,0.5,3,0.0,4
206,15,54,1,2,1.0,3,1.0,3,0.0,5
280,26,26,2,1,0.25,3,0.5,2,0.0,3
47,26,26,2,1,0.25,3,0.25,3,0.0,2
60,48,30,1,3,0.5,1,0.5,5,1.0,3
10,63,45,1,3,0.25,3,0.25,3,0.0,1
418,24,46,1,3,1.0,3,0.75,3,0.0,5
123,49,21,1,3,0.75,1,0.75,2,0.0,4
265,69,65,1,1,0.25,3,0.75,3,0.0,4
98,37,27,1,1,0.25,3,0.25,3,0.0,2
265,57,67,1,3,0.75,3,0.75,3,0.0,5
426,10,31,2,2,1.0,3,1.0,2,0.0,5
392,25,36,1,1,1.0,3,0.75,3,0.0,5
219,52,6,2,1,0.0,3,0.0,2,0.0,1
274,29,37,2,3,1.0,3,0.25,2,0.0,4
229,48,30,1,3,1.0,3,0.75,3,0.0,5
74,40,3,1,1,0.75,3,0.75,2,0.0,5
2,57,67,1,1,1.0,3,1.0,3,0.0,5
309,30,20,1,1,0.5,3,0.25,3,0.0,2
196,24,46,2,3,0.25,2,0.5,3,0.0,2
244,59,69,1,1,0.75,3,0.75,1,0.0,5
62,51,15,1,3,0.75,3,0.75,3,1.0,4
345,25,36,2,1,0.75,3,1.0,2,0.0,4
55,49,21,2,1,0.0,3,0.0,2,0.0,1
228,42,13,2,1,1.0,3,0.75,5,1.0,5
135,18,53,1,2,0.0,3,0.0,3,0.0,1
302,48,30,2,3,1.0,3,0.75,3,0.0,5
158,7,24,1,2,0.75,3,0.75,3,1.0,4
75,20,12,1,1,0.25,3,1.0,3,0.0,2
435,65,70,2,3,0.75,3,0.75,2,0.0,4
451,29,37,1,3,1.0,3,1.0,3,0.0,5
273,50,61,2,3,0.25,2,0.25,3,0.0,1
315,1,48,1,2,0.0,3,0.5,3,0.0,2
388,49,21,1,1,0.5,3,0.75,1,0.0,3
390,33,50,2,3,0.5,3,0.5,3,0.0,2
167,55,29,1,3,0.25,3,0.25,2,0.0,2
54,33,50,2,3,0.0,3,0.25,3,0.0,1
263,40,3,2,3,0.0,2,1.0,3,0.0,3
99,29,37,1,1,1.0,3,1.0,3,0.0,5
365,69,65,2,1,0.5,3,0.5,3,1.0,4
244,8,44,1,2,0.25,3,0.0,1,0.0,2
224,6,11,2,2,0.75,3,0.5,3,0.0,4
93,4,41,1,2,0.0,3,0.25,3,1.0,1
435,55,29,2,3,0.75,3,0.5,2,0.0,4
372,48,30,2,3,0.75,3,0.5,3,0.0,5
196,60,66,2,3,1.0,2,0.5,3,0.0,5
27,27,49,1,1,0.5,3,0.5,3,0.0,2
177,33,50,2,3,0.5,2,0.5,3,1.0,2
317,36,64,1,1,0.5,3,0.5,5,1.0,4
353,54,55,2,1,0.5,3,0.5,3,0.0,3
360,59,69,1,1,0.75,3,0.75,2,0.0,4
123,30,20,1,3,0.5,1,0.75,2,0.0,4
283,24,46,1,1,0.75,3,0.5,2,0.0,4
411,24,46,1,1,0.75,3,0.75,1,0.0,4
437,20,12,1,3,1.0,2,0.5,2,0.0,5
326,11,43,1,2,0.75,3,0.5,1,1.0,3
136,39,14,1,3,0.75,3,0.75,2,0.0,4
265,43,28,1,1,1.0,3,0.0,3,0.0,5
188,26,26,1,3,0.5,1,0.75,5,1.0,2
145,41,7,1,3,0.75,3,0.5,2,0.0,4
272,43,28,1,3,1.0,3,0.75,2,0.0,5
81,29,37,1,1,0.75,3,0.75,2,0.0,5
150,26,26,1,3,0.5,2,0.5,3,0.0,2
111,39,14,2,3,1.0,3,0.75,3,0.0,5
177,34,42,1,1,0.25,1,0.25,3,1.0,2
368,23,62,1,1,1.0,3,0.75,2,0.0,5
361,28,39,1,3,0.5,1,0.75,3,1.0,4
208,48,30,1,1,0.75,3,0.75,2,0.0,4
143,36,64,1,3,1.0,3,0.5,3,1.0,5
318,21,10,1,1,0.5,3,0.5,3,0.0,1
396,68,2,1,3,0.5,3,0.75,3,0.0,4
24,26,26,1,1,1.0,3,0.75,2,0.0,5
377,20,12,1,3,1.0,3,0.75,2,1.0,5
136,6,11,1,2,1.0,3,0.75,2,0.0,5
218,21,10,1,3,0.25,3,0.5,3,1.0,2
404,41,7,1,1,0.75,3,0.5,2,0.0,4
272,44,40,1,3,0.5,3,0.75,2,0.0,4
342,26,26,1,1,0.5,3,0.75,2,0.0,4
244,56,18,1,3,0.75,3,0.75,1,0.0,5
314,63,45,2,1,0.25,3,0.25,2,0.0,1
202,68,2,2,3,0.5,2,0.25,3,0.0,4
311,21,10,2,1,0.0,3,0.5,3,0.0,3
21,69,65,2,1,0.75,3,0.75,3,0.0,5
168,17,22,1,2,0.75,2,0.5,3,1.0,5
422,0,17,1,2,1.0,3,0.75,3,0.0,5
143,21,10,1,3,0.5,3,0.5,3,1.0,1
199,35,60,1,1,0.25,3,0.5,5,1.0,2
422,24,46,2,3,0.5,3,0.75,3,0.0,4
222,26,26,1,3,0.0,3,0.5,3,0.0,1
52,20,12,1,1,1.0,3,0.5,3,0.0,5
37,27,49,1,1,0.75,3,0.5,3,0.0,2
108,62,63,1,3,0.0,3,0.0,1,1.0,1
350,27,49,1,1,0.5,3,0.75,3,0.0,4
340,8,44,1,2,0.75,2,1.0,2,0.0,4
155,24,46,1,1,0.75,3,0.75,3,1.0,4
407,30,20,1,1,0.5,3,0.5,3,0.0,2
63,48,30,2,1,0.75,3,0.75,2,0.0,4
361,39,14,1,1,0.75,3,0.25,3,1.0,4
339,56,18,2,3,0.5,2,0.25,3,0.0,2
329,68,2,1,3,0.0,2,0.0,2,0.0,1
118,60,66,1,3,1.0,3,0.75,3,1.0,4
308,6,11,1,2,0.75,2,0.5,2,0.0,4
439,23,62,1,1,0.25,3,1.0,3,0.0,2
143,24,46,1,3,1.0,3,0.5,3,1.0,5
84,53,19,1,1,0.5,3,0.5,3,0.0,2
302,67,47,2,1,0.25,3,0.25,3,0.0,1
229,54,55,1,1,1.0,3,0.75,3,0.0,4
357,33,50,1,1,0.5,3,0.5,2,0.0,2
282,64,32,2,1,0.5,3,0.5,2,0.0,4
221,33,50,1,1,0.5,3,0.0,2,0.0,2
121,13,34,2,2,0.75,3,0.5,2,0.0,4
193,26,26,1,1,0.25,3,0.25,3,0.0,1
12,27,49,1,1,0.75,3,0.75,3,0.0,4
158,19,51,1,2,0.25,3,0.5,3,1.0,3
352,57,67,1,1,1.0,3,0.75,2,0.0,5
441,20,12,1,1,0.0,3,0.0,1,1.0,1
188,24,46,1,3,0.75,1,0.75,5,1.0,4
106,19,51,1,2,0.25,2,0.25,2,0.0,2
317,26,26,1,1,0.0,3,0.5,5,1.0,1
295,20,12,1,3,1.0,3,0.75,3,0.0,5
450,65,70,1,1,0.5,3,0.75,2,0.0,2
319,40,3,1,1,1.0,1,1.0,2,0.0,4
3,37,27,2,1,1.0,3,0.5,3,1.0,3
287,29,37,1,1,0.75,3,0.5,2,0.0,3
19,3,38,1,2,0.0,2,0.75,3,0.0,1
1,31,9,1,3,0.5,3,0.5,2,0.0,2
124,28,39,1,1,0.75,3,1.0,3,1.0,5
131,37,27,2,1,0.25,3,0.5,2,0.0,2
41,62,63,1,1,0.75,3,0.5,3,0.0,4
55,49,21,2,3,0.0,3,0.0,2,0.0,1
244,6,11,1,2,1.0,3,0.75,1,0.0,4
443,32,16,1,3,1.0,1,0.75,2,0.0,5
131,61,25,2,3,1.0,3,1.0,2,0.0,5
272,37,27,1,3,0.75,3,0.75,2,0.0,4
136,25,36,1,1,0.75,3,0.75,2,0.0,4
19,0,17,1,2,0.75,2,0.75,3,0.0,4
0,48,30,1,3,0.75,3,0.75,2,0.0,4
242,69,65,1,3,1.0,2,0.5,2,0.0,5
368,22,33,1,3,0.75,3,0.75,2,0.0,4
380,48,30,1,1,0.75,3,0.5,3,0.0,5
352,40,3,1,1,0.75,3,0.75,2,0.0,4
91,34,42,1,1,0.5,3,0.5,2,0.0,2
45,8,44,1,2,1.0,2,1.0,2,0.0,5
280,4,41,2,2,0.25,3,0.5,2,0.0,2
102,33,50,1,3,0.5,3,0.5,3,0.0,3
342,27,49,1,1,0.75,3,0.75,2,0.0,3
24,0,17,1,2,1.0,3,0.75,2,0.0,5
224,1,48,2,2,1.0,3,0.75,3,0.0,5
318,48,30,1,1,0.75,3,0.75,3,0.0,4
22,7,24,1,2,0.75,3,0.75,3,1.0,4
304,47,8,2,1,0.75,3,0.5,3,0.0,4
197,12,56,1,2,0.5,2,0.25,2,0.0,1
41,20,12,1,1,0.75,3,0.5,3,0.0,4
60,52,6,1,3,0.5,1,0.5,5,1.0,3
405,13,34,1,2,0.75,2,0.5,3,0.0,5
317,43,28,1,1,0.0,3,0.5,5,1.0,3
123,56,18,1,3,0.5,1,0.5,2,0.0,4
136,26,26,1,1,1.0,3,1.0,2,0.0,5
421,48,30,2,3,0.75,3,0.25,2,0.0,4
155,13,34,1,2,0.0,3,0.25,3,1.0,1
181,39,14,1,1,0.75,3,0.5,3,0.0,4
30,30,20,1,1,1.0,3,0.75,2,0.0,5
214,26,26,1,3,0.25,3,0.25,2,0.0,1
177,23,62,2,3,0.5,2,0.5,3,1.0,2
98,48,30,1,1,0.75,3,0.75,3,0.0,4
25,47,8,2,1,0.5,3,0.5,2,0.0,2
407,59,69,1,1,1.0,3,0.75,3,0.0,5
58,55,29,1,1,1.0,3,0.5,3,0.0,4
453,33,50,1,1,0.25,3,0.0,2,0.0,2
435,20,12,2,3,0.75,3,1.0,2,0.0,4
249,45,68,1,1,1.0,3,1.0,2,0.0,5
135,12,56,1,2,1.0,3,1.0,3,0.0,5
37,48,30,1,1,1.0,3,0.75,3,0.0,5
384,42,13,1,3,0.0,1,0.5,3,0.0,1
158,21,10,1,1,1.0,3,1.0,3,1.0,5
181,67,47,1,1,0.0,3,0.0,3,0.0,1
345,55,29,2,1,0.5,3,0.5,2,0.0,3
124,61,25,1,1,1.0,3,1.0,3,1.0,5
221,50,61,1,1,0.75,3,0.25,2,0.0,4
395,31,9,1,3,0.75,3,0.5,2,0.0,4
181,21,10,1,1,0.0,3,0.0,3,0.0,1
362,28,39,1,1,0.5,3,0.0,3,0.0,2
237,59,69,1,1,1.0,3,0.75,3,0.0,5
272,56,18,1,3,1.0,3,0.75,2,0.0,5
88,14,58,2,2,1.0,3,0.75,2,0.0,5
422,42,13,2,3,1.0,3,0.5,3,0.0,2
300,30,20,1,3,1.0,3,0.75,2,0.0,4
305,30,20,1,3,0.25,3,0.5,3,1.0,2
54,20,12,2,3,0.75,3,0.75,3,0.0,5
280,20,12,2,1,0.5,3,0.5,2,0.0,3
257,31,9,2,3,0.5,3,0.75,3,0.0,4
119,26,26,1,1,0.5,3,0.75,5,1.0,5
8,8,44,1,2,0.75,2,0.5,2,0.0,5
103,27,49,1,3,0.75,3,0.75,3,1.0,5
383,47,8,1,3,0.0,3,0.25,3,0.0,1
147,37,27,2,1,0.5,3,0.5,3,0.0,3
256,26,26,2,1,1.0,3,0.75,2,0.0,5
374,25,36,2,3,1.0,3,0.75,3,0.0,4
41,21,10,2,3,0.25,3,0.5,3,0.0,4
214,36,64,1,3,0.25,3,0.25,2,0.0,1
22,57,67,2,3,0.75,3,0.5,3,1.0,4
101,15,54,1,2,0.0,2,0.0,3,1.0,1
380,24,46,1,1,0.25,3,0.5,3,0.0,5
279,26,26,1,1,0.5,3,0.25,2,0.0,2
81,46,35,1,1,0.5,3,0.5,2,0.0,5
1,22,33,2,1,0.75,3,0.75,2,0.0,3
301,49,21,2,3,0.5,3,0.75,3,0.0,5
200,19,51,2,2,0.25,3,0.25,3,0.0,2
379,23,62,2,1,0.25,3,0.25,3,0.0,2
286,20,12,1,1,0.5,3,0.75,3,0.0,3
301,69,65,2,1,0.75,3,1.0,3,0.0,5
244,39,14,1,1,1.0,3,0.75,1,0.0,4
358,25,36,1,3,0.25,2,0.25,2,0.0,1
290,3,38,1,2,0.75,3,0.5,2,0.0,3
23,43,28,2,3,0.5,2,0.5,3,1.0,5
62,40,3,2,1,0.75,3,0.75,3,1.0,5
1,57,67,2,1,1.0,3,0.75,2,0.0,5
141,38,57,1,1,0.25,3,0.25,3,0.0,1
266,38,57,1,1,0.5,3,0.5,3,0.0,2
270,56,18,2,1,0.75,3,0.75,2,0.0,4
336,31,9,2,3,0.25,2,0.0,2,0.0,4
388,69,65,1,1,0.5,3,0.5,1,0.0,4
192,39,14,1,1,1.0,3,1.0,3,0.0,5
322,20,12,1,1,0.5,3,0.5,3,0.0,5
279,58,1,1,3,0.5,3,0.5,2,0.0,2
227,7,24,1,2,0.5,2,0.5,2,0.0,4
392,69,65,1,1,1.0,3,1.0,3,0.0,5
435,35,60,2,3,0.5,3,0.5,2,0.0,2
370,40,3,2,1,1.0,3,1.0,2,0.0,4
189,33,50,1,1,0.75,3,0.25,3,0.0,5
412,57,67,1,1,1.0,1,1.0,3,1.0,5
184,30,20,1,1,0.25,3,0.5,3,0.0,1
310,15,54,2,2,0.5,3,0.0,2,0.0,1
315,68,2,1,1,1.0,3,1.0,3,0.0,5
74,64,32,1,3,0.75,3,0.75,2,0.0,4
238,35,60,1,1,0.5,3,0.5,3,0.0,2
136,20,12,1,1,0.75,3,0.75,2,0.0,4
111,29,37,2,3,1.0,3,1.0,3,0.0,5
130,67,47,2,3,1.0,2,1.0,3,0.0,5
296,66,4,1,3,0.75,3,0.25,3,1.0,4
186,43,28,1,3,0.5,2,0.5,5,1.0,2
219,48,30,2,3,1.0,3,0.5,2,0.0,5
365,67,47,2,1,0.0,3,0.25,3,1.0,1
135,0,17,1,2,0.75,3,0.75,3,0.0,4
166,20,12,1,1,0.75,3,0.5,3,0.0,5
63,29,37,2,3,1.0,3,0.75,2,0.0,4
134,12,56,1,2,0.25,2,0.0,3,0.0,2
105,29,37,1,1,0.75,3,0.5,3,0.0,4
435,43,28,2,3,0.5,3,0.5,2,0.0,3
359,42,13,2,3,0.5,3,0.75,2,1.0,2
373,6,11,1,2,0.25,3,0.5,3,1.0,2
121,16,52,2,2,0.25,3,0.25,2,0.0,2
238,68,2,1,1,0.5,3,0.5,3,0.0,4
185,4,41,1,2,1.0,2,0.75,2,0.0,5
259,21,10,2,3,0.25,2,0.25,3,1.0,2
34,20,12,2,3,0.75,3,0.5,3,0.0,4
82,63,45,1,1,0.25,3,0.25,3,0.0,2
41,38,57,1,1,0.25,3,0.25,3,0.0,1
421,8,44,2,2,1.0,3,0.5,2,0.0,5
300,43,28,1,3,0.5,3,0.5,2,0.0,3
341,36,64,1,3,0.0,3,0.25,2,0.0,1
243,57,67,2,1,1.0,3,1.0,3,0.0,5
451,30,20,1,3,0.5,3,0.5,3,0.0,3
111,29,37,2,1,1.0,3,1.0,3,0.0,5
217,48,30,1,3,0.5,1,0.5,2,0.0,4
15,10,31,1,2,0.5,2,0.5,2,0.0,2
120,69,65,2,3,0.0,2,0.75,3,0.0,1
394,62,63,1,1,0.5,3,0.5,4,0.0,2
159,17,22,1,2,0.75,3,0.5,3,0.0,4
274,46,35,2,3,0.5,3,0.25,2,0.0,3
361,31,9,1,1,0.75,3,0.75,3,1.0,5
157,63,45,1,3,0.25,2,0.75,2,0.0,2
376,39,14,2,1,1.0,3,0.75,3,0.0,5
237,56,18,1,1,0.75,3,0.5,3,0.0,4
378,57,67,2,1,1.0,3,0.5,3,0.0,5
223,37,27,2,1,1.0,3,0.75,2,0.0,5
315,24,46,1,1,1.0,3,0.75,3,0.0,4
124,59,69,1,1,0.25,3,0.5,3,1.0,5
414,29,37,1,3,1.0,3,0.75,2,0.0,5
272,24,46,2,1,0.0,3,0.5,2,0.0,1
384,53,19,1,3,0.5,1,0.75,3,0.0,3
420,30,20,1,1,0.25,3,0.0,3,0.0,1
254,48,30,1,1,0.75,3,0.5,2,0.0,5
265,30,20,1,3,0.0,3,0.0,3,0.0,1
66,3,38,1,2,0.25,2,0.25,2,0.0,1
273,39,14,2,3,0.75,2,0.25,3,0.0,5
301,23,62,2,3,0.25,3,0.5,3,0.0,3
447,24,46,1,1,0.5,3,0.25,2,0.0,4
141,15,54,2,2,0.25,3,0.25,3,0.0,2
212,35,60,2,3,0.75,2,0.25,3,0.0,3
442,62,63,1,1,1.0,3,0.5,3,0.0,5
24,3,38,1,2,1.0,3,1.0,2,0.0,5
4,49,21,1,1,1.0,3,0.75,3,1.0,5
228,59,69,2,1,1.0,3,0.75,5,1.0,5
195,5,5,2,2,0.75,3,0.75,3,0.0,4
404,37,27,1,1,1.0,3,0.5,2,0.0,5
78,39,14,2,1,0.0,3,0.0,1,1.0,1
246,36,64,2,1,0.5,3,0.5,3,0.0,5
188,68,2,1,3,0.75,1,0.5,5,1.0,5
175,39,14,1,3,1.0,3,1.0,3,0.0,5
111,45,68,2,3,1.0,3,1.0,3,0.0,5
356,56,18,1,1,1.0,3,0.75,3,0.0,5
293,28,39,2,1,0.25,3,0.5,3,0.0,1
138,0,17,2,2,0.25,3,0.5,2,0.0,2
7,59,69,1,1,1.0,3,0.25,3,0.0,5
141,9,59,2,2,0.75,3,0.75,3,0.0,4
417,31,9,1,3,0.75,3,0.5,3,0.0,5
124,34,42,1,1,1.0,3,0.75,3,1.0,5
47,31,9,2,3,1.0,3,0.75,3,0.0,5
125,33,50,1,1,0.0,3,0.5,2,0.0,1
346,30,20,1,3,0.0,3,0.0,2,1.0,1
448,49,21,1,1,0.75,3,0.5,3,0.0,5
441,30,20,1,1,0.75,3,0.25,1,1.0,4
157,25,36,1,3,0.5,2,0.25,2,0.0,3
145,48,30,1,3,1.0,3,0.75,2,0.0,4
272,44,40,2,1,0.0,3,0.5,2,0.0,1
369,5,5,1,2,0.75,2,0.25,2,0.0,4
257,19,51,2,2,0.25,3,0.0,3,0.0,1
58,48,30,1,3,0.5,3,0.75,3,0.0,5
9,4,41,1,2,1.0,2,0.0,3,0.0,5
448,30,20,1,1,0.25,3,0.25,3,0.0,2
404,31,9,1,1,0.5,3,0.0,2,0.0,2
253,48,30,2,1,0.25,3,0.0,2,0.0,1
62,35,60,1,3,1.0,3,0.75,3,1.0,5
170,14,58,1,2,0.75,3,0.75,3,0.0,4
107,48,30,1,1,0.75,3,1.0,3,0.0,5
258,59,69,1,3,0.75,3,1.0,2,0.0,5
342,13,34,1,2,1.0,3,0.75,2,0.0,4
326,8,44,1,2,0.25,3,0.0,1,1.0,2
239,66,4,1,1,1.0,3,1.0,2,0.0,5
409,48,30,2,1,0.0,3,0.0,2,0.0,1
28,33,50,1,3,0.75,3,0.5,2,0.0,2
91,28,39,1,1,0.5,3,0.5,2,0.0,2
34,29,37,2,1,0.0,3,0.0,3,0.0,2
307,1,48,1,2,0.75,3,0.75,2,0.0,4
224,17,22,2,2,0.25,3,0.5,3,0.0,1
348,4,41,1,2,0.5,2,0.5,2,0.0,4
223,50,61,2,1,0.5,3,0.5,2,0.0,5
86,25,36,1,1,1.0,3,0.5,3,0.0,4
383,48,30,1,3,0.75,3,0.75,3,0.0,4
418,40,3,1,3,0.75,3,0.75,3,0.0,4
424,20,12,2,1,1.0,3,0.5,3,0.0,5
342,4,41,1,2,0.0,3,0.25,2,0.0,1
300,46,35,1,3,1.0,3,1.0,2,0.0,5
417,39,14,1,3,1.0,3,0.75,3,0.0,5
174,52,6,1,3,0.25,2,0.25,2,0.0,1
421,7,24,2,2,0.75,3,0.75,2,0.0,5
398,51,15,2,1,0.25,3,0.5,3,0.0,2
75,43,28,1,1,0.5,3,0.75,3,0.0,4
353,47,8,2,1,0.5,3,0.5,3,0.0,2
37,55,29,1,1,0.75,3,0.75,3,0.0,5
78,21,10,1,3,0.75,3,0.25,1,1.0,4
310,35,60,2,3,0.25,3,0.5,2,0.0,2
296,68,2,1,3,0.5,3,0.5,3,1.0,4
92,28,39,2,3,0.25,2,0.5,2,0.0,2
315,0,17,1,2,0.75,3,1.0,3,0.0,4
31,14,58,1,2,0.75,2,0.5,2,0.0,4
380,39,14,1,1,0.75,3,0.5,3,0.0,5
365,48,30,2,1,0.5,3,0.5,3,1.0,4
124,49,21,1,1,0.5,3,0.5,3,1.0,2
319,68,2,1,1,0.5,1,1.0,2,0.0,2
263,22,33,2,3,0.5,2,0.25,3,0.0,4
203,9,59,2,2,0.75,3,0.75,4,0.0,4
196,40,3,2,3,0.5,2,0.5,3,0.0,2
108,39,14,1,3,0.0,3,0.0,1,1.0,3
446,31,9,1,1,1.0,3,0.75,2,0.0,5
418,48,30,1,3,0.5,3,0.75,3,0.0,4
342,1,48,1,2,0.5,3,0.25,2,0.0,2
139,68,2,2,3,0.75,2,0.75,3,0.0,3
110,47,8,1,1,0.0,3,0.0,2,0.0,2
85,24,46,1,1,0.25,3,0.0,2,0.0,1
34,62,63,2,1,0.75,3,0.5,3,0.0,3
251,22,33,2,3,0.5,2,0.5,2,0.0,5
313,39,14,2,1,0.75,3,0.25,3,0.0,3
57,3,38,2,2,1.0,3,1.0,2,0.0,5
296,27,49,1,3,0.5,3,0.5,3,1.0,3
305,68,2,2,1,1.0,3,0.5,3,1.0,3
111,33,50,2,3,1.0,3,0.75,3,0.0,4
91,41,7,1,1,0.5,3,0.75,2,0.0,2
58,23,62,1,3,0.25,3,0.75,3,0.0,1
95,15,54,1,2,0.5,2,0.5,2,0.0,2
193,34,42,1,1,0.5,3,0.5,3,0.0,2
224,11,43,2,2,0.25,3,0.25,3,0.0,1
39,3,38,1,2,0.75,2,0.75,2,0.0,4
265,21,10,1,1,1.0,3,0.25,3,0.0,5
1,51,15,1,3,0.5,3,0.5,2,0.0,2
347,1,48,2,2,0.75,3,0.75,4,0.0,4
421,32,16,2,3,0.25,3,0.5,2,0.0,2
79,35,60,1,3,1.0,3,0.75,2,0.0,5
235,28,39,1,1,0.25,1,0.75,2,0.0,1
101,4,41,1,2,1.0,2,1.0,3,1.0,5
397,33,50,2,3,0.5,2,0.25,2,0.0,4
123,52,6,1,3,0.75,1,0.5,2,0.0,5
311,26,26,2,1,0.0,3,0.5,3,0.0,1
367,19,51,1,2,1.0,3,0.75,3,0.0,5
119,22,33,1,1,0.5,3,0.5,5,1.0,5
103,31,9,2,1,0.75,3,0.5,3,1.0,5
111,37,27,2,1,1.0,3,0.75,3,0.0,5
147,20,12,2,3,1.0,3,1.0,3,0.0,5
176,29,37,1,3,0.25,3,0.5,3,0.0,2
293,63,45,2,1,0.0,3,0.5,3,0.0,1
365,28,39,2,1,0.25,3,0.25,3,1.0,2
167,68,2,1,3,0.75,3,0.75,2,0.0,4
332,69,65,1,1,0.5,3,0.25,2,0.0,2
114,39,14,2,1,0.75,3,0.5,5,1.0,3
174,42,13,1,3,0.25,2,0.0,2,0.0,4
136,60,66,1,3,0.75,3,0.75,2,0.0,4
118,66,4,1,3,1.0,3,0.75,3,1.0,4
99,2,23,1,2,0.5,3,0.5,3,0.0,4
145,64,32,1,3,0.75,3,0.75,2,0.0,5
106,18,53,1,2,0.0,2,0.0,2,0.0,1
253,37,27,2,1,0.75,3,1.0,2,0.0,4
263,20,12,2,3,0.75,2,0.25,3,0.0,5
158,24,46,2,3,1.0,3,0.75,3,1.0,5
383,30,20,1,3,1.0,3,1.0,3,0.0,4
275,8,44,1,2,0.75,3,0.5,2,0.0,4
37,24,46,1,1,1.0,3,0.75,3,0.0,5
144,40,3,1,1,0.75,3,0.75,2,0.0,4
362,59,69,2,3,1.0,3,0.75,3,0.0,4
425,27,49,1,3,1.0,3,0.75,3,0.0,5
392,5,5,2,2,1.0,3,0.75,3,0.0,5
122,24,46,1,1,0.5,3,0.5,2,0.0,4
412,63,45,1,1,0.5,1,1.0,3,1.0,2
360,42,13,1,1,0.0,3,0.25,2,0.0,2
298,19,51,1,2,0.0,2,0.0,2,0.0,1
363,37,27,1,1,0.5,3,0.5,2,0.0,4
122,57,67,2,3,0.75,3,0.5,2,0.0,4
345,69,65,2,1,1.0,3,1.0,2,0.0,5
90,23,62,1,3,0.0,3,0.5,3,0.0,1
439,48,30,1,1,1.0,3,0.5,3,0.0,5
304,41,7,2,1,0.5,3,0.5,3,0.0,4
13,41,7,1,3,0.0,2,0.0,5,0.0,1
124,35,60,1,3,1.0,3,0.75,3,1.0,3
24,21,10,1,1,0.5,3,0.5,2,0.0,3
200,12,56,2,2,0.75,3,0.75,3,0.0,4
248,3,38,1,2,1.0,3,0.75,2,0.0,5
113,50,61,1,1,0.25,3,0.0,5,1.0,1
273,47,8,2,3,0.5,2,0.25,3,0.0,2
409,26,26,2,1,0.0,3,0.0,2,0.0,1
378,24,46,2,1,0.75,3,0.75,3,0.0,5
63,39,14,2,1,0.5,3,0.75,2,0.0,5
155,46,35,1,1,1.0,3,0.5,3,1.0,4
165,12,56,1,2,0.25,3,0.25,3,0.0,2
187,34,42,1,3,0.0,3,0.25,3,0.0,2
78,27,49,2,1,0.5,3,0.75,1,1.0,5
12,43,28,1,1,0.25,3,0.25,3,0.0,1
262,43,28,2,3,0.5,3,0.25,2,1.0,3
55,39,14,2,3,0.5,3,0.75,2,0.0,4
365,53,19,2,1,0.25,3,0.5,3,1.0,3
243,28,39,2,1,0.75,3,0.5,3,0.0,2
219,47,8,2,3,0.0,3,0.0,2,0.0,1
146,25,36,1,3,0.75,3,0.5,2,0.0,3
349,59,69,1,1,0.5,3,0.5,3,1.0,4
402,24,46,2,1,0.75,3,0.75,3,1.0,4
207,39,14,2,1,0.75,3,0.5,2,0.0,5
24,60,66,1,1,1.0,3,0.75,2,0.0,5
151,49,21,2,1,1.0,3,0.5,1,0.0,5
406,25,36,1,1,0.75,3,0.5,2,0.0,3
53,25,36,2,1,0.75,3,0.0,2,0.0,4
271,20,12,1,1,0.75,3,0.75,3,0.0,4
342,18,53,1,2,0.25,3,0.5,2,0.0,2
411,40,3,1,1,0.5,3,0.5,1,0.0,3
333,16,52,1,2,0.0,2,0.0,3,1.0,1
308,1,48,1,2,1.0,2,0.75,2,0.0,4
405,12,56,1,2,0.25,2,0.25,3,0.0,2
433,64,32,1,1,0.75,3,0.75,3,0.0,4
122,20,12,1,1,0.75,3,0.5,2,0.0,4
403,57,67,1,3,1.0,3,1.0,2,0.0,3
188,20,12,1,3,0.75,1,0.75,5,1.0,5
361,43,28,1,3,0.5,1,0.75,3,1.0,2
96,69,65,1,1,1.0,3,0.75,1,1.0,5
186,22,33,1,3,0.5,2,0.5,5,1.0,2
315,48,30,1,1,1.0,3,0.75,3,0.0,5
407,52,6,1,1,0.5,3,0.5,3,0.0,2
45,17,22,1,2,0.25,2,1.0,2,0.0,1
112,28,39,1,3,0.25,2,0.5,5,1.0,2
203,0,17,2,2,0.0,3,0.0,4,0.0,1
93,23,62,1,1,0.0,3,0.0,3,1.0,1
96,56,18,1,1,1.0,3,0.25,1,1.0,3
257,39,14,1,1,1.0,3,0.75,3,0.0,4
67,31,9,1,1,0.75,3,1.0,2,0.0,3
271,30,20,1,1,1.0,3,0.75,3,0.0,5
88,9,59,2,2,1.0,3,0.75,2,0.0,5
335,20,12,1,1,1.0,3,1.0,5,1.0,5
246,30,20,2,1,1.0,3,0.25,3,0.0,5
242,61,25,1,3,1.0,2,0.5,2,0.0,3
105,25,36,1,3,0.75,3,0.75,3,0.0,4
28,28,39,1,3,1.0,3,0.25,2,0.0,2
425,63,45,1,3,0.75,3,0.75,3,0.0,4
297,31,9,2,1,0.5,3,0.5,2,0.0,1
141,30,20,1,3,1.0,3,0.5,3,0.0,5
441,34,42,1,1,0.75,3,0.25,1,1.0,4
140,7,24,1,2,1.0,2,0.5,2,0.0,5
401,3,38,1,2,0.5,2,0.25,2,0.0,3
34,23,62,2,3,0.25,3,0.5,3,0.0,3
154,34,42,1,1,1.0,3,0.75,3,1.0,4
250,46,35,1,3,0.75,3,0.75,3,0.0,4
176,37,27,1,1,1.0,3,0.25,3,0.0,4
167,24,46,1,3,0.75,3,0.75,2,0.0,4
409,61,25,2,1,0.75,3,0.5,2,0.0,4
39,16,52,1,2,0.5,2,0.5,2,0.0,2
126,29,37,1,1,0.75,3,0.75,3,0.0,4
306,15,54,1,2,1.0,2,0.25,2,0.0,5
88,8,44,2,2,0.0,3,0.0,2,0.0,2
180,1,48,1,2,0.5,3,0.5,3,0.0,2
168,12,56,1,2,0.25,2,0.25,3,1.0,2
130,68,2,2,3,1.0,2,1.0,3,0.0,5
390,32,16,2,3,0.5,3,0.5,3,0.0,5
80,10,31,1,2,0.75,2,0.5,3,1.0,4
344,37,27,1,1,1.0,3,0.5,3,0.0,5
370,60,66,2,1,0.75,3,0.5,2,0.0,5
246,26,26,2,1,0.25,3,0.25,3,0.0,1
316,63,45,2,1,0.25,3,0.5,3,0.0,2
182,55,29,2,3,1.0,2,0.75,5,0.0,5
374,31,9,2,1,1.0,3,0.75,3,0.0,5
27,39,14,1,1,0.5,3,1.0,3,0.0,4
27,37,27,2,3,0.75,3,1.0,3,0.0,4
387,29,37,1,1,0.0,3,0.75,2,0.0,1
88,7,24,2,2,0.25,3,0.5,2,0.0,2
270,24,46,2,1,0.5,3,0.0,2,0.0,4
202,48,30,2,3,0.25,2,0.25,3,0.0,4
106,9,59,1,2,0.25,2,0.25,2,0.0,2
274,26,26,2,3,0.75,3,0.75,2,0.0,3
290,5,5,1,2,0.75,3,0.75,2,0.0,4
99,5,5,1,2,0.75,3,0.5,3,0.0,3
57,11,43,2,2,0.75,3,0.75,2,0.0,4
412,29,37,1,1,1.0,1,0.75,3,1.0,5
443,48,30,1,3,0.75,1,0.75,2,0.0,4
136,55,29,1,3,1.0,3,1.0,2,0.0,5
55,56,18,2,3,0.5,3,0.5,2,0.0,3
229,48,30,1,1,1.0,3,0.75,3,0.0,3
378,20,12,2,1,0.5,3,0.5,3,0.0,4
128,24,46,1,3,0.75,3,0.75,2,0.0,4
300,39,14,1,3,0.75,3,0.75,2,0.0,4
385,23,62,2,1,0.25,3,0.5,2,0.0,2
375,36,64,2,1,0.5,3,0.5,2,0.0,3
403,24,46,1,3,1.0,3,0.75,2,0.0,5
225,24,46,1,1,1.0,3,0.75,2,0.0,4
68,39,14,1,1,0.75,3,0.5,2,0.0,4
313,27,49,2,1,0.5,3,0.75,3,0.0,5
251,30,20,2,3,0.5,2,0.5,2,0.0,2
210,35,60,2,3,0.5,2,0.5,3,0.0,2
160,21,10,1,1,0.0,3,0.25,3,1.0,1
392,29,37,1,1,0.25,3,0.0,3,0.0,1
342,39,14,1,1,0.75,3,0.5,2,0.0,4
174,56,18,1,3,0.25,2,0.0,2,0.0,1
155,36,64,2,3,0.0,3,0.5,3,1.0,2
378,39,14,2,1,0.5,3,0.75,3,0.0,4
287,24,46,1,1,0.75,3,0.5,2,0.0,4
388,58,1,1,1,0.5,3,0.5,1,0.0,4
336,20,12,2,3,0.5,2,0.5,2,0.0,4
318,27,49,1,3,0.0,3,0.25,3,0.0,1
2,47,8,1,1,0.5,3,0.75,3,0.0,2
72,35,60,2,1,1.0,3,0.75,2,0.0,5
231,20,12,1,1,0.25,3,0.25,4,0.0,2
375,69,65,2,1,0.5,3,0.5,2,0.0,3
180,13,34,1,2,0.25,3,0.5,3,0.0,2
364,44,40,2,1,0.75,3,1.0,3,0.0,3
262,63,45,1,1,0.0,3,0.25,2,1.0,1
427,25,36,1,1,0.25,3,0.5,5,0.0,4
141,27,49,1,1,0.25,3,0.25,3,0.0,2
5,3,38,1,2,1.0,2,1.0,2,0.0,5
126,48,30,1,1,0.75,3,0.75,3,0.0,5
210,26,26,2,3,0.25,2,0.25,3,0.0,1
397,50,61,2,3,0.75,2,0.75,2,0.0,5
274,24,46,2,3,0.75,3,0.5,2,0.0,3
18,29,37,1,1,1.0,3,0.75,2,0.0,5
122,22,33,2,3,0.5,3,0.0,2,0.0,2
136,29,37,1,3,1.0,3,1.0,2,0.0,5
175,30,20,1,3,1.0,3,0.5,3,0.0,5
381,40,3,1,3,1.0,3,1.0,3,0.0,4
1,47,8,1,3,1.0,3,0.5,2,0.0,4
64,30,20,1,1,1.0,3,0.75,3,0.0,4
35,55,29,1,1,1.0,3,0.75,2,0.0,5
25,32,16,2,1,0.5,3,0.75,2,0.0,4
182,50,61,2,3,0.5,2,0.25,5,0.0,2
212,65,70,2,3,0.5,2,0.25,3,0.0,2
366,53,19,1,3,1.0,3,0.75,2,0.0,5
39,2,23,1,2,0.5,2,0.75,2,0.0,4
47,66,4,2,3,0.0,3,0.0,3,0.0,1
27,24,46,1,1,0.5,3,1.0,3,0.0,4
10,66,4,1,3,1.0,3,0.5,3,0.0,5
138,1,48,2,2,0.25,3,0.5,2,0.0,2
299,26,26,1,1,0.5,3,0.5,2,1.0,2
44,25,36,1,1,0.75,3,1.0,2,0.0,4
258,39,14,2,1,0.5,3,0.75,2,0.0,4
282,49,21,2,1,0.75,3,0.75,2,0.0,4
214,66,4,1,3,0.25,3,0.25,2,0.0,1
124,34,42,1,3,0.75,3,0.25,3,1.0,2
343,58,1,2,1,0.75,3,1.0,1,1.0,4
397,49,21,2,3,0.5,2,0.25,2,0.0,2
79,22,33,1,3,0.75,3,0.75,2,0.0,3
231,22,33,1,1,0.25,3,0.25,4,0.0,2
63,48,30,2,3,0.75,3,0.75,2,0.0,4
130,26,26,2,3,0.0,2,0.0,3,0.0,1
439,29,37,1,1,0.75,3,0.5,3,0.0,5
28,62,63,1,1,0.75,3,0.5,2,0.0,4
400,40,3,1,3,1.0,1,1.0,3,1.0,5
196,49,21,2,3,0.75,2,0.5,3,0.0,4
307,3,38,1,2,0.75,3,0.75,2,0.0,4
395,20,12,1,1,0.75,3,0.75,2,0.0,4
268,40,3,1,1,1.0,3,0.75,3,0.0,5
344,63,45,1,1,1.0,3,0.75,3,0.0,5
268,45,68,1,1,0.25,3,0.25,3,0.0,2
10,23,62,1,1,0.25,3,0.0,3,0.0,1
393,17,22,1,2,0.0,3,0.25,2,0.0,1
248,17,22,1,2,0.25,3,0.0,2,0.0,2
184,60,66,1,1,0.75,3,1.0,3,0.0,5
246,61,25,2,1,1.0,3,0.5,3,0.0,5
337,53,19,1,1,0.5,1,0.5,3,0.0,2
411,20,12,1,1,0.75,3,0.75,1,0.0,4
177,29,37,2,3,0.75,2,1.0,3,1.0,5
315,16,52,1,2,0.75,3,1.0,3,0.0,5
193,59,69,1,1,0.75,3,0.5,3,0.0,4
390,61,25,2,3,0.75,3,0.5,3,0.0,4
364,24,46,2,1,0.5,3,0.5,3,0.0,3
93,40,3,1,1,1.0,3,0.5,3,1.0,5
318,24,46,1,3,0.75,3,0.5,3,0.0,4
283,32,16,1,1,0.25,3,0.5,2,0.0,2
185,15,54,1,2,0.5,2,1.0,2,0.0,2
336,39,14,2,3,0.0,2,0.0,2,0.0,1
47,22,33,2,1,0.0,3,0.0,3,0.0,2
41,42,13,1,1,0.0,3,0.0,3,0.0,2
341,32,16,2,1,0.75,3,0.25,2,0.0,2
192,28,39,1,1,0.25,3,0.25,3,0.0,1
122,47,8,2,3,0.25,3,0.0,2,0.0,2
248,2,23,1,2,0.75,3,0.75,2,0.0,4
223,27,49,2,1,0.75,3,0.5,2,0.0,4
397,57,67,2,3,0.75,2,0.75,2,0.0,5
239,23,62,1,1,0.25,3,1.0,2,0.0,2
232,27,49,1,1,0.75,3,0.75,3,0.0,4
256,54,55,2,1,0.25,3,0.75,2,0.0,1
422,5,5,1,2,0.0,3,0.0,3,0.0,2
324,28,39,1,3,0.25,3,1.0,2,0.0,2
432,28,39,2,3,0.5,3,0.5,3,0.0,2
210,31,9,2,3,0.75,2,0.25,3,0.0,3
169,5,5,1,2,0.75,3,0.75,2,0.0,5
279,29,37,1,3,0.5,3,0.25,2,0.0,4
356,43,28,1,1,1.0,3,1.0,3,0.0,5
330,24,46,1,1,0.75,3,0.75,2,0.0,4
92,35,60,2,3,0.5,2,0.75,2,0.0,4
18,68,2,1,1,1.0,3,0.75,2,0.0,5
29,24,46,2,3,0.75,3,0.75,2,0.0,4
404,28,39,1,1,0.75,3,0.5,2,0.0,3
309,26,26,1,1,0.0,3,0.5,3,0.0,5
261,10,31,1,2,0.5,2,0.0,3,0.0,1
34,68,2,2,1,1.0,3,0.75,3,0.0,4
183,3,38,1,2,0.5,3,0.25,3,0.0,3
258,35,60,2,1,0.75,3,1.0,2,0.0,5
297,22,33,2,1,1.0,3,0.75,2,0.0,4
396,40,3,1,3,0.5,3,0.75,3,0.0,4
245,34,42,1,3,0.25,3,0.5,5,0.0,2
139,20,12,2,3,0.75,2,0.75,3,0.0,5
346,67,47,1,3,0.0,3,0.0,2,1.0,1
365,56,18,2,1,0.5,3,0.5,3,1.0,4
395,59,69,1,3,0.75,3,0.5,2,0.0,5
428,54,55,1,3,0.5,3,1.0,1,1.0,1
300,47,8,1,3,0.75,3,1.0,2,0.0,4
326,6,11,1,2,0.75,3,0.5,1,1.0,4
422,25,36,2,3,1.0,3,0.5,3,0.0,5
351,64,32,2,1,0.5,3,0.75,2,0.0,5
1,36,64,2,1,0.75,3,1.0,2,0.0,2
299,22,33,1,1,0.5,3,0.5,2,1.0,4
376,68,2,2,1,1.0,3,0.75,3,0.0,5
361,59,69,1,3,0.5,1,0.75,3,1.0,2
236,15,54,1,2,0.5,2,0.5,2,0.0,2
423,22,33,1,1,1.0,3,0.75,3,1.0,5
388,63,45,1,1,0.25,3,0.75,1,0.0,2
437,34,42,1,3,0.75,2,0.75,2,0.0,4
315,20,12,1,1,1.0,3,1.0,3,0.0,5
389,57,67,2,1,0.75,3,0.5,2,0.0,4
378,23,62,2,1,0.75,3,0.75,3,0.0,2
101,8,44,1,2,1.0,2,1.0,3,1.0,5
262,22,33,1,1,0.75,3,0.75,2,1.0,4
324,22,33,1,3,0.75,3,0.5,2,0.0,5
52,24,46,1,1,1.0,3,0.5,3,0.0,5
122,68,2,2,1,1.0,3,0.5,2,0.0,5
260,34,42,2,1,0.75,3,0.5,2,0.0,2
410,9,59,2,2,1.0,3,1.0,4,0.0,5
422,33,50,2,3,0.5,3,0.75,3,0.0,3
346,53,19,1,3,1.0,3,0.5,2,1.0,4
187,26,26,1,3,0.0,3,0.25,3,0.0,2
241,35,60,1,3,0.75,3,0.75,2,0.0,4
163,56,18,1,3,1.0,3,1.0,2,0.0,5
420,60,66,1,3,0.5,3,0.0,3,0.0,2
284,27,49,1,3,0.0,3,0.5,3,0.0,2
279,48,30,1,3,0.5,3,0.25,2,0.0,4
105,24,46,1,1,0.75,3,0.5,3,0.0,4
365,46,35,2,1,0.5,3,0.5,3,1.0,5
435,39,14,2,3,1.0,3,1.0,2,0.0,5
117,33,50,1,3,0.25,2,0.25,3,0.0,1
429,27,49,2,3,1.0,2,0.5,3,0.0,4
380,68,2,1,1,1.0,3,0.5,3,0.0,5
372,27,49,2,3,0.75,3,0.75,3,0.0,3
315,19,51,1,2,0.5,3,1.0,3,0.0,5
28,28,39,1,1,0.0,3,0.25,2,0.0,2
143,66,4,1,3,0.5,3,0.75,3,1.0,3
389,60,66,2,1,0.75,3,0.5,2,0.0,4
221,39,14,1,1,1.0,3,0.5,2,0.0,5
248,21,10,1,1,0.0,3,0.25,2,0.0,1
94,24,46,1,1,0.75,3,0.25,3,0.0,5
229,24,46,1,1,0.75,3,1.0,3,0.0,5
81,35,60,1,1,0.75,3,0.75,2,0.0,3
334,42,13,1,3,0.75,3,0.75,3,0.0,4
312,69,65,2,1,1.0,3,1.0,2,0.0,5
221,48,30,1,1,1.0,3,0.25,2,0.0,5
46,4,41,1,2,0.25,3,0.25,3,0.0,2
365,29,37,1,3,0.5,3,0.5,3,1.0,3
262,29,37,1,1,1.0,3,1.0,2,1.0,5
297,48,30,2,1,1.0,3,0.5,2,0.0,5
114,58,1,2,1,0.25,3,0.25,5,1.0,3
29,40,3,2,3,1.0,3,0.5,2,0.0,5
132,33,50,1,1,0.5,3,0.75,3,0.0,2
32,20,12,2,3,1.0,2,0.5,2,0.0,4
282,58,1,2,1,0.5,3,0.5,2,0.0,3
311,62,63,2,1,1.0,3,0.5,3,0.0,5
1,36,64,1,3,0.25,3,0.75,2,0.0,1
59,2,23,1,2,0.75,3,0.75,3,0.0,4
440,20,12,2,3,0.75,2,0.5,3,0.0,4
178,19,51,1,2,1.0,2,0.75,2,0.0,4
158,33,50,2,3,0.5,3,0.5,3,1.0,2
315,10,31,1,2,0.0,3,0.5,3,0.0,1
177,20,12,2,3,0.75,2,1.0,3,1.0,5
297,66,4,2,1,0.75,3,0.75,2,0.0,4
421,22,33,2,3,0.75,3,0.75,2,0.0,2
300,34,42,2,1,0.5,3,0.5,2,0.0,2
109,68,2,1,1,0.75,3,0.5,1,1.0,4
213,29,37,2,1,1.0,3,0.75,3,1.0,5
48,24,46,2,3,1.0,3,1.0,3,0.0,4
204,24,46,1,1,1.0,3,0.5,1,0.0,5
194,61,25,1,3,0.0,1,0.5,2,0.0,1
40,34,42,1,3,1.0,2,1.0,3,0.0,5
195,61,25,1,1,1.0,3,0.75,3,0.0,4
202,59,69,2,3,0.75,2,0.5,3,0.0,5
266,39,14,1,1,0.25,3,0.5,3,0.0,2
55,56,18,2,1,0.5,3,0.5,2,0.0,3
295,63,45,1,3,0.5,3,0.5,3,0.0,3
29,20,12,2,1,0.5,3,0.5,2,0.0,3
176,41,7,1,1,0.5,3,0.25,3,0.0,5
397,63,45,2,3,0.75,2,0.25,2,0.0,5
244,31,9,1,3,1.0,3,0.75,1,0.0,4
111,43,28,2,1,0.25,3,0.25,3,0.0,2
161,3,38,2,2,1.0,3,1.0,3,0.0,5
377,68,2,1,1,0.75,3,0.75,2,1.0,5
297,37,27,2,1,0.5,3,0.75,2,0.0,4
343,20,12,2,1,1.0,3,0.75,1,1.0,5
240,66,4,1,1,0.0,3,0.0,1,1.0,1
218,23,62,1,3,0.25,3,0.25,3,1.0,2
293,20,12,2,1,1.0,3,0.75,3,0.0,5
145,56,18,1,3,0.75,3,0.75,2,0.0,4
174,58,1,1,3,0.25,2,0.25,2,0.0,4
348,18,53,1,2,0.25,2,0.25,2,0.0,1
453,32,16,1,1,0.25,3,0.0,2,0.0,3
260,60,66,2,1,0.5,3,0.5,2,0.0,3
272,59,69,2,1,0.75,3,0.5,2,0.0,4
133,30,20,1,1,0.25,3,0.25,2,0.0,2
102,56,18,1,3,1.0,3,1.0,3,0.0,5
295,65,70,1,3,0.5,3,0.5,3,0.0,3
134,0,17,1,2,0.25,2,0.25,3,0.0,1
136,31,9,1,3,1.0,3,1.0,2,0.0,5
418,32,16,1,3,0.75,3,0.75,3,0.0,4
93,63,45,2,3,1.0,3,1.0,3,1.0,5
265,44,40,1,1,0.75,3,0.75,3,0.0,4
383,20,12,1,3,0.75,3,1.0,3,0.0,5
105,68,2,1,3,0.75,3,0.75,3,0.0,2
141,68,2,1,1,0.75,3,0.75,3,0.0,5
363,23,62,1,1,0.25,3,0.25,2,0.0,2
432,67,47,2,3,0.5,3,0.5,3,0.0,2
247,29,37,2,3,1.0,2,0.75,2,0.0,5
159,9,59,1,2,0.0,3,0.0,3,0.0,1
62,43,28,2,1,0.75,3,0.75,3,1.0,5
258,32,16,2,1,0.25,3,0.0,2,0.0,1
228,29,37,2,3,0.0,3,0.0,5,1.0,2
290,14,58,1,2,0.25,3,0.0,2,0.0,2
372,43,28,2,1,1.0,3,0.5,3,0.0,5
59,6,11,1,2,0.5,3,0.25,3,0.0,2
345,23,62,2,1,0.5,3,0.5,2,0.0,2
17,65,70,2,1,0.5,3,0.5,2,0.0,4
76,37,27,2,1,0.0,3,0.25,2,0.0,1
43,33,50,1,1,0.25,3,0.5,2,0.0,1
231,64,32,1,1,0.75,3,0.5,4,0.0,4
136,60,66,1,1,0.75,3,0.75,2,0.0,5
315,31,9,1,1,1.0,3,1.0,3,0.0,5
343,68,2,2,1,1.0,3,1.0,1,1.0,5
143,40,3,1,3,0.75,3,0.5,3,1.0,4
76,40,3,2,1,1.0,3,0.75,2,0.0,5
312,31,9,2,1,0.75,3,0.75,2,0.0,4
286,28,39,1,3,0.0,3,0.25,3,0.0,2
48,22,33,2,3,0.25,3,0.25,3,0.0,2
150,35,60,1,3,0.75,2,0.75,3,0.0,5
383,33,50,1,1,0.5,3,0.75,3,0.0,1
392,18,53,2,2,0.25,3,0.0,3,0.0,2
122,37,27,2,1,0.75,3,0.5,2,0.0,5
332,28,39,1,1,0.5,3,0.0,2,0.0,1
232,36,64,1,1,0.75,3,0.5,3,0.0,5
373,14,58,1,2,1.0,3,0.75,3,1.0,5
128,69,65,1,3,0.0,3,0.5,2,0.0,1
407,47,8,1,1,0.5,3,0.5,3,0.0,2
292,22,33,1,3,0.25,3,0.5,3,0.0,1
361,67,47,1,3,0.75,1,0.25,3,1.0,2
140,11,43,1,2,1.0,2,0.5,2,0.0,5
341,57,67,1,3,0.75,3,0.75,2,0.0,5
3,52,6,2,1,0.25,3,0.0,3,1.0,1
244,16,52,1,2,0.25,3,0.0,1,0.0,1
422,57,67,2,3,0.25,3,0.5,3,0.0,2
330,33,50,1,1,1.0,3,1.0,2,0.0,4
347,2,23,2,2,0.75,3,0.75,4,0.0,4
7,56,18,1,1,0.75,3,0.75,3,0.0,4
234,28,39,1,1,0.75,3,0.75,3,0.0,4
69,43,28,2,3,0.5,2,0.5,2,0.0,2
305,57,67,1,3,0.25,3,0.5,3,1.0,2
361,41,7,1,3,1.0,1,0.5,3,1.0,5
420,40,3,1,1,1.0,3,0.75,3,0.0,5
272,42,13,1,3,0.75,3,0.75,2,0.0,4
177,24,46,1,1,0.75,1,0.5,3,1.0,4
408,61,25,2,1,0.5,3,0.5,2,0.0,2
109,54,55,1,1,0.5,3,0.0,1,1.0,1
141,20,12,1,1,0.75,3,0.75,3,0.0,4
237,63,45,1,1,0.25,3,0.5,3,0.0,1
301,27,49,2,3,0.5,3,0.5,3,0.0,3
102,29,37,1,3,0.75,3,0.5,3,0.0,3
345,43,28,2,1,0.25,3,0.5,2,0.0,2
217,20,12,1,3,0.5,1,0.75,2,0.0,5
386,58,1,2,1,1.0,3,1.0,2,0.0,5
29,32,16,2,3,0.0,3,0.0,2,0.0,1
406,20,12,1,1,0.75,3,0.5,2,0.0,3
222,39,14,1,3,1.0,3,0.75,3,0.0,5
211,64,32,1,1,1.0,3,0.5,1,1.0,4
246,55,29,2,1,1.0,3,0.5,3,0.0,5
204,33,50,1,1,1.0,3,0.5,1,0.0,5
109,50,61,1,1,1.0,3,0.25,1,1.0,5
96,57,67,1,1,0.0,3,0.25,1,1.0,2
272,33,50,1,3,0.75,3,0.75,2,0.0,4
265,59,69,1,1,0.75,3,0.25,3,0.0,5
287,32,16,1,1,0.75,3,0.5,2,0.0,3
299,41,7,1,1,0.75,3,0.75,2,1.0,2
318,32,16,1,1,1.0,3,0.75,3,0.0,4
144,25,36,1,1,0.75,3,1.0,2,0.0,5
358,69,65,1,3,0.75,2,0.75,2,0.0,5
162,33,50,2,3,0.75,2,0.5,3,0.0,1
191,29,37,2,1,0.75,3,0.5,2,0.0,4
48,32,16,2,3,0.5,3,0.75,3,0.0,5
372,20,12,2,3,0.75,3,0.5,3,0.0,5
367,18,53,1,2,0.75,3,0.75,3,0.0,4
28,48,30,1,1,1.0,3,0.75,2,0.0,5
128,58,1,1,3,0.0,3,0.5,2,0.0,1
312,69,65,2,3,1.0,3,1.0,2,0.0,5
365,34,42,2,1,0.75,3,0.5,3,1.0,4
297,39,14,2,1,0.75,3,0.25,2,0.0,4
258,41,7,2,1,0.5,3,0.75,2,0.0,5
149,43,28,2,3,0.25,3,0.75,3,0.0,2
192,26,26,1,1,0.5,3,0.25,3,0.0,2
415,29,37,1,1,0.75,3,0.75,2,0.0,4
341,21,10,2,1,0.75,3,0.5,2,0.0,4
31,7,24,1,2,0.75,2,0.5,2,0.0,2
161,0,17,2,2,1.0,3,1.0,3,0.0,5
419,12,56,1,2,0.0,2,0.0,3,0.0,1
20,10,31,1,2,0.5,2,0.5,2,0.0,4
329,25,36,1,3,1.0,2,1.0,2,0.0,5
78,22,33,2,1,0.0,3,0.0,1,1.0,1
244,37,27,1,1,1.0,3,0.5,1,0.0,4
442,56,18,1,1,0.5,3,0.75,3,0.0,4
276,36,64,1,3,0.5,2,0.5,2,0.0,3
374,34,42,2,1,0.0,3,0.25,3,0.0,1
430,60,66,2,1,0.75,1,0.5,2,0.0,5
244,61,25,1,3,1.0,3,1.0,1,0.0,5
397,68,2,2,3,0.5,2,0.25,2,0.0,4
102,41,7,1,3,0.75,3,0.75,3,0.0,4
4,46,35,1,1,0.5,3,0.5,3,1.0,4
212,39,14,2,3,1.0,2,0.75,3,0.0,5
228,42,13,2,3,1.0,3,0.75,5,1.0,5
229,34,42,1,3,1.0,3,0.75,3,0.0,2
358,50,61,1,3,0.0,2,0.25,2,0.0,2
36,51,15,2,1,0.25,3,1.0,2,0.0,1
359,28,39,1,1,0.25,3,0.25,2,1.0,1
103,34,42,1,3,0.75,3,0.75,3,1.0,5
146,32,16,1,3,0.75,3,0.5,2,0.0,4
280,63,45,2,1,0.0,3,0.75,2,0.0,1
170,0,17,1,2,0.0,3,0.0,3,0.0,1
123,32,16,1,3,0.5,1,0.5,2,0.0,4
128,34,42,1,3,0.25,3,0.5,2,0.0,2
4,48,30,1,3,0.75,3,0.5,3,1.0,4
11,2,23,1,2,0.75,2,0.5,2,0.0,4
139,39,14,2,3,1.0,2,0.75,3,0.0,4
250,41,7,1,3,1.0,3,0.75,3,0.0,5
13,23,62,1,3,0.0,2,0.0,5,0.0,1
359,68,2,2,3,0.75,3,1.0,2,1.0,4
331,8,44,2,2,0.75,3,0.75,2,0.0,4
137,47,8,2,3,0.75,3,0.75,5,1.0,4
440,23,62,2,3,0.75,2,0.5,3,0.0,2
426,16,52,2,2,0.75,3,0.75,2,0.0,4
447,30,20,1,1,0.25,3,0.25,2,0.0,2
38,0,17,2,2,0.25,3,0.5,2,0.0,3
265,58,1,1,1,0.75,3,0.25,3,0.0,5
361,64,32,1,3,0.75,1,0.5,3,1.0,3
12,62,63,1,1,0.25,3,0.25,3,0.0,2
55,30,20,2,3,0.0,3,0.0,2,0.0,1
439,26,26,1,1,0.25,3,0.75,3,0.0,2
451,27,49,1,3,0.25,3,0.25,3,0.0,2
4,31,9,1,1,0.25,3,0.25,3,1.0,3
415,30,20,1,1,0.75,3,0.75,2,0.0,4
362,55,29,2,3,1.0,3,0.75,3,0.0,2
393,28,39,2,3,0.75,3,0.25,2,0.0,2
300,37,27,1,3,1.0,3,0.75,2,0.0,5
92,45,68,2,3,0.75,2,0.75,2,0.0,5
88,19,51,2,2,1.0,3,0.75,2,0.0,5
212,34,42,2,3,1.0,2,0.25,3,0.0,4
246,51,15,2,1,0.25,3,0.25,3,0.0,1
425,69,65,1,3,0.25,3,0.25,3,0.0,2
390,64,32,2,3,0.75,3,0.5,3,0.0,4
60,23,62,1,3,0.5,1,0.5,5,1.0,3
416,21,10,1,1,0.0,3,0.5,2,0.0,2
145,69,65,1,3,1.0,3,0.75,2,0.0,5
280,15,54,2,2,0.75,3,0.5,2,0.0,4
60,26,26,1,3,0.5,1,0.5,5,1.0,3
385,28,39,2,1,0.25,3,0.5,2,0.0,2
204,29,37,1,1,1.0,3,0.5,1,0.0,5
280,34,42,2,1,0.25,3,0.75,2,0.0,1
335,68,2,1,1,0.75,3,1.0,5,1.0,4
310,2,23,2,2,1.0,3,0.75,2,0.0,5
333,5,5,1,2,0.75,2,0.5,3,1.0,5
426,17,22,2,2,1.0,3,1.0,2,0.0,5
175,67,47,1,3,0.5,3,0.5,3,0.0,3
395,33,50,1,3,1.0,3,0.5,2,0.0,5
136,28,39,1,1,0.0,3,0.25,2,0.0,2
262,41,7,1,1,0.5,3,0.5,2,1.0,3
145,20,12,1,3,0.5,3,0.25,2,0.0,1
409,67,47,2,1,0.75,3,0.75,2,0.0,4
4,21,10,1,1,0.25,3,0.5,3,1.0,2
330,41,7,1,1,1.0,3,1.0,2,0.0,5
146,29,37,1,3,0.75,3,0.75,2,0.0,5
24,62,63,1,1,0.75,3,1.0,2,0.0,5
414,27,49,2,1,0.75,3,0.75,2,0.0,5
175,59,69,1,3,0.5,3,0.5,3,0.0,3
393,30,20,1,1,0.75,3,0.75,2,0.0,4
306,10,31,1,2,0.25,2,0.25,2,0.0,2
443,59,69,1,3,0.75,1,0.75,2,0.0,5
196,57,67,2,3,0.5,2,0.5,3,0.0,4
417,51,15,1,3,1.0,3,1.0,3,0.0,5
261,3,38,1,2,0.25,2,0.25,3,0.0,2
370,37,27,2,1,0.25,3,0.25,2,0.0,2
29,39,14,2,3,0.0,3,0.0,2,0.0,1
97,15,54,1,2,1.0,3,0.75,2,0.0,5
174,39,14,1,3,0.5,2,0.0,2,0.0,5
344,29,37,1,1,1.0,3,0.75,3,0.0,4
229,24,46,1,3,1.0,3,0.75,3,0.0,5
307,11,43,1,2,0.25,3,0.25,2,0.0,2
272,22,33,2,1,0.75,3,0.5,2,0.0,4
300,64,32,1,3,1.0,3,1.0,2,0.0,3
341,22,33,1,3,0.25,3,0.25,2,0.0,2
200,18,53,2,2,0.25,3,0.25,3,0.0,2
131,39,14,2,1,1.0,3,1.0,2,0.0,5
317,22,33,1,1,0.5,3,0.5,5,1.0,4
392,7,24,2,2,1.0,3,0.75,3,0.0,5
78,40,3,2,1,0.75,3,1.0,1,1.0,5
151,21,10,2,1,0.5,3,0.5,1,0.0,1
393,24,46,2,3,0.5,3,0.75,2,0.0,3
345,42,13,2,1,1.0,3,0.5,2,0.0,5
69,20,12,2,3,1.0,2,0.75,2,0.0,5
151,39,14,2,1,1.0,3,0.5,1,0.0,5
268,24,46,1,1,1.0,3,0.5,3,0.0,5
155,22,33,2,3,0.0,3,0.5,3,1.0,2
4,64,32,1,1,1.0,3,0.75,3,1.0,5
122,22,33,2,1,0.5,3,0.0,2,0.0,2
30,67,47,1,1,0.0,3,0.25,2,0.0,2
33,20,12,1,3,0.5,2,0.5,5,1.0,2
258,44,40,1,3,0.75,3,0.5,2,0.0,2
396,31,9,1,3,0.5,3,0.75,3,0.0,4
98,34,42,1,1,0.75,3,0.5,3,0.0,4
435,37,27,2,1,1.0,3,1.0,2,0.0,5
369,7,24,1,2,0.75,2,0.25,2,0.0,4
441,48,30,1,1,1.0,3,0.25,1,1.0,5
40,40,3,1,3,1.0,2,1.0,3,0.0,5
352,48,30,1,1,0.75,3,0.75,2,0.0,4
258,50,61,1,3,1.0,3,0.75,2,0.0,5
352,0,17,1,2,0.75,3,0.75,2,0.0,4
257,9,59,2,2,0.5,3,0.5,3,0.0,3
56,1,48,1,2,0.25,3,0.25,2,0.0,2
66,11,43,1,2,0.5,2,0.5,2,0.0,4
144,50,61,1,1,0.5,3,0.25,2,0.0,2
236,7,24,1,2,0.75,2,0.5,2,0.0,5
244,68,2,1,1,1.0,3,0.75,1,0.0,4
279,60,66,1,3,0.5,3,0.25,2,0.0,5
81,57,67,1,1,0.75,3,0.75,2,0.0,3
183,19,51,1,2,0.75,3,0.75,3,0.0,4
218,25,36,1,3,0.25,3,0.25,3,1.0,1
231,62,63,1,1,0.75,3,0.5,4,0.0,4
336,27,49,2,3,0.75,2,0.25,2,0.0,5
307,0,17,1,2,0.75,3,0.75,2,0.0,5
270,62,63,2,1,0.25,3,0.5,2,0.0,4
441,37,27,1,1,0.0,3,0.0,1,1.0,1
226,65,70,2,3,0.25,2,0.0,1,0.0,4
239,62,63,1,1,0.75,3,1.0,2,0.0,5
161,19,51,2,2,0.0,3,0.0,3,0.0,1
111,48,30,2,1,1.0,3,0.75,3,0.0,5
34,30,20,2,3,0.0,3,0.25,3,0.0,2
129,25,36,1,3,0.5,2,0.75,5,1.0,3
13,49,21,1,3,1.0,2,0.75,5,0.0,5
340,2,23,1,2,0.5,2,0.0,2,0.0,1
312,20,12,2,3,0.75,3,0.75,2,0.0,4
78,41,7,2,1,0.0,3,0.0,1,1.0,1
92,26,26,2,3,0.25,2,0.5,2,0.0,2
334,24,46,1,3,0.0,3,0.0,3,0.0,1
363,35,60,1,1,0.5,3,0.5,2,0.0,4
333,19,51,1,2,0.25,2,0.5,3,1.0,2
375,31,9,2,3,0.75,3,0.5,2,0.0,4
310,31,9,2,3,0.75,3,0.75,2,0.0,4
220,30,20,1,3,0.25,2,0.25,3,0.0,2
130,23,62,2,3,0.5,2,0.5,3,0.0,2
378,28,39,2,1,0.75,3,0.5,3,0.0,2
232,67,47,1,1,0.5,3,0.25,3,0.0,2
396,27,49,1,3,0.5,3,0.5,3,0.0,4
119,23,62,1,1,0.5,3,0.75,5,1.0,3
373,29,37,1,1,0.75,3,0.75,3,1.0,4
351,43,28,2,1,0.0,3,1.0,2,0.0,2
105,61,25,1,1,0.25,3,0.25,3,0.0,2
257,24,46,1,1,0.0,3,0.0,3,0.0,1
293,58,1,2,1,1.0,3,0.75,3,0.0,5
165,3,38,1,2,0.75,3,0.75,3,0.0,4
40,48,30,1,3,1.0,2,1.0,3,0.0,3
317,20,12,1,1,0.5,3,0.5,5,1.0,3
279,57,67,1,1,0.75,3,0.25,2,0.0,5
231,48,30,1,1,0.5,3,0.25,4,0.0,2
303,64,32,1,1,0.75,3,0.75,3,0.0,4
366,56,18,1,3,0.25,3,0.25,2,0.0,2
375,29,37,2,3,1.0,3,0.75,2,0.0,4
32,56,18,2,3,0.75,2,0.5,2,0.0,4
244,9,59,1,2,0.75,3,0.5,1,0.0,5
246,40,3,2,1,1.0,3,0.5,3,0.0,5
252,8,44,1,2,0.75,2,0.5,3,0.0,4
270,67,47,2,1,0.5,3,0.75,2,0.0,2
76,40,3,2,3,1.0,3,0.75,2,0.0,5
409,31,9,2,1,1.0,3,1.0,2,0.0,5
138,19,51,2,2,0.75,3,0.75,2,0.0,5
28,61,25,1,1,0.5,3,0.75,2,0.0,4
48,25,36,2,3,0.25,3,0.25,3,0.0,2
361,25,36,1,1,0.5,3,0.5,3,1.0,2
180,40,3,1,1,1.0,3,1.0,3,0.0,4
32,42,13,2,3,0.25,2,0.5,2,0.0,2
35,44,40,1,1,0.0,3,0.0,2,0.0,2
108,24,46,1,3,0.0,3,0.0,1,1.0,3
191,23,62,2,1,0.5,3,0.25,2,0.0,3
425,66,4,1,3,1.0,3,0.75,3,0.0,4
4,25,36,1,1,1.0,3,0.5,3,1.0,5
182,20,12,2,3,0.5,2,1.0,5,0.0,5
181,58,1,1,1,0.0,3,0.0,3,0.0,1
368,31,9,1,1,0.25,3,0.25,2,0.0,2
412,56,18,1,1,0.5,1,0.75,3,1.0,2
183,14,58,1,2,0.25,3,0.25,3,0.0,1
128,57,67,1,3,1.0,3,0.75,2,0.0,4
75,20,12,1,3,1.0,3,1.0,3,0.0,4
282,69,65,2,1,0.5,3,0.5,2,0.0,4
253,29,37,2,1,0.5,3,0.0,2,0.0,1
191,45,68,2,1,0.75,3,0.5,2,0.0,5
28,59,69,1,1,0.5,3,0.5,2,0.0,3
391,67,47,2,3,0.75,2,0.75,3,0.0,2
212,20,12,2,3,0.75,2,0.5,3,0.0,5
184,65,70,1,1,1.0,3,1.0,3,0.0,5
246,50,61,2,1,1.0,3,0.5,3,0.0,5
432,25,36,2,3,1.0,3,0.75,3,0.0,5
409,43,28,2,1,0.75,3,0.25,2,0.0,4
134,8,44,1,2,0.75,2,0.5,3,0.0,4
292,59,69,1,3,1.0,3,1.0,3,0.0,5
160,60,66,1,1,0.75,3,0.75,3,1.0,4
93,37,27,1,1,1.0,3,1.0,3,1.0,5
32,59,69,2,3,0.5,2,1.0,2,0.0,4
380,69,65,1,1,1.0,3,0.5,3,0.0,5
365,30,20,2,1,0.5,3,0.25,3,1.0,2
24,49,21,1,1,0.75,3,0.75,2,0.0,5
300,57,67,2,1,0.75,3,0.75,2,0.0,4
123,22,33,1,3,0.75,1,0.5,2,0.0,4
143,68,2,1,3,0.75,3,0.75,3,1.0,4
178,0,17,1,2,1.0,2,0.75,2,0.0,5
246,65,70,2,1,0.5,3,0.5,3,0.0,4
373,9,59,1,2,1.0,3,0.75,3,1.0,5
350,52,6,1,1,0.0,3,0.25,3,0.0,1
267,64,32,1,3,0.25,1,0.25,2,0.0,2
291,55,29,2,1,0.75,3,0.75,2,0.0,4
264,33,50,2,3,0.5,3,0.75,3,0.0,2
316,63,45,2,3,0.25,3,0.5,3,0.0,2
125,40,3,1,3,0.25,3,0.5,2,0.0,1
365,27,49,2,1,0.5,3,0.5,3,1.0,3
193,39,14,1,1,0.5,3,0.25,3,0.0,4
100,19,51,2,2,0.25,3,0.0,3,0.0,2
91,31,9,1,1,0.5,3,0.5,2,0.0,4
328,56,18,1,1,0.75,3,0.5,2,0.0,5
158,26,26,2,3,0.5,3,0.5,3,1.0,2
172,61,25,1,3,0.0,2,0.75,3,1.0,1
110,40,3,1,1,0.0,3,0.0,2,0.0,2
22,0,17,1,2,0.75,3,0.5,3,1.0,4
133,32,16,1,1,0.5,3,0.25,2,0.0,2
445,5,5,2,2,0.25,3,0.25,5,1.0,2
314,59,69,2,1,0.75,3,0.75,2,0.0,5
306,5,5,1,2,0.75,2,0.25,2,0.0,4
262,47,8,1,1,0.25,3,0.25,2,1.0,2
300,27,49,2,1,1.0,3,0.0,2,0.0,4
248,4,41,1,2,0.25,3,0.25,2,0.0,2
267,21,10,1,3,0.5,1,0.25,2,0.0,2
231,63,45,1,1,0.25,3,0.25,4,0.0,2
187,24,46,1,3,1.0,3,0.75,3,0.0,4
301,68,2,2,3,1.0,3,0.75,3,0.0,5
435,66,4,2,3,0.75,3,0.75,2,0.0,4
85,23,62,1,1,0.75,3,0.5,2,0.0,4
441,65,70,1,1,0.5,3,0.25,1,1.0,3
302,59,69,2,3,0.75,3,0.75,3,0.0,4
246,37,27,2,1,0.75,3,0.5,3,0.0,4
327,14,58,1,2,0.25,2,0.0,2,0.0,3
246,27,49,2,1,1.0,3,0.25,3,0.0,5
315,2,23,1,2,1.0,3,1.0,3,0.0,5
367,27,49,1,1,0.25,3,0.5,3,0.0,3
236,12,56,1,2,0.25,2,0.5,2,0.0,2
75,59,69,1,3,0.5,3,1.0,3,0.0,5
191,65,70,2,1,0.75,3,0.25,2,0.0,5
31,1,48,1,2,0.75,2,0.5,2,0.0,4
3,20,12,2,1,1.0,3,0.5,3,1.0,5
28,27,49,1,1,1.0,3,0.75,2,0.0,4
222,48,30,1,1,0.75,3,1.0,3,0.0,5
99,4,41,1,2,0.0,3,0.5,3,0.0,3
48,20,12,2,3,0.75,3,0.5,3,0.0,3
414,55,29,1,3,1.0,3,1.0,2,0.0,4
274,39,14,2,3,1.0,3,1.0,2,0.0,5
236,2,23,1,2,0.5,2,0.75,2,0.0,2
354,39,14,1,1,1.0,3,0.5,3,0.0,5
158,6,11,1,2,0.5,3,0.75,3,1.0,3
229,37,27,1,1,1.0,3,1.0,3,0.0,5
244,32,16,1,3,0.75,3,0.5,1,0.0,4
188,27,49,1,3,0.75,1,0.75,5,1.0,5
341,22,33,2,1,0.5,3,0.25,2,0.0,2
346,24,46,1,1,1.0,3,0.5,2,1.0,5
37,66,4,1,1,0.75,3,0.75,3,0.0,4
206,23,62,1,1,0.0,3,0.25,3,0.0,1
279,34,42,1,1,0.5,3,0.25,2,0.0,2
390,30,20,1,1,1.0,3,0.75,3,0.0,5
342,34,42,1,1,0.5,3,0.75,2,0.0,4
82,27,49,1,1,0.25,3,0.25,3,0.0,2
378,50,61,2,1,1.0,3,0.5,3,0.0,5
8,0,17,1,2,0.75,2,0.5,2,0.0,5
301,55,29,2,3,0.75,3,1.0,3,0.0,5
396,67,47,1,1,0.25,3,0.5,3,0.0,1
145,45,68,1,3,1.0,3,1.0,2,0.0,5
365,62,63,1,3,0.5,3,0.5,3,1.0,4
122,31,9,1,1,0.5,3,0.5,2,0.0,4
47,67,47,2,1,0.0,3,0.25,3,0.0,1
27,63,45,1,1,0.0,3,0.5,3,0.0,2
175,29,37,1,3,1.0,3,1.0,3,0.0,5
373,3,38,1,2,0.5,3,0.5,3,1.0,3
93,7,24,1,2,1.0,3,0.75,3,1.0,5
71,39,14,1,3,0.25,3,0.0,3,0.0,2
212,29,37,2,3,1.0,2,0.75,3,0.0,5
422,45,68,1,1,0.5,3,0.5,3,0.0,2
123,21,10,1,3,0.5,1,0.5,2,0.0,4
146,24,46,1,3,0.75,3,0.75,2,0.0,4
241,48,30,1,1,1.0,3,0.5,2,0.0,5
369,0,17,1,2,0.5,2,0.25,2,0.0,3
419,5,5,1,2,0.0,2,0.0,3,0.0,1
58,56,18,1,1,0.75,3,0.25,3,0.0,2
94,58,1,1,1,0.25,3,0.25,3,0.0,2
378,60,66,2,1,1.0,3,0.75,3,0.0,5
249,43,28,1,1,1.0,3,1.0,2,0.0,5
399,28,39,1,1,0.25,3,0.25,3,0.0,3
372,36,64,2,3,0.5,3,0.75,3,0.0,2
400,28,39,1,3,0.5,1,1.0,3,1.0,2
303,26,26,2,3,0.75,3,0.75,3,0.0,3
375,36,64,2,3,0.5,3,0.5,2,0.0,3
367,56,18,1,1,1.0,3,0.75,3,0.0,5
304,31,9,2,1,0.75,3,0.75,3,0.0,5
70,49,21,1,3,0.25,3,0.25,2,0.0,2
361,63,45,1,3,0.5,1,0.75,3,1.0,4
215,33,50,2,3,0.25,2,0.5,2,0.0,1
158,17,22,1,2,0.75,3,0.75,3,1.0,4
166,24,46,1,1,0.0,3,0.0,3,0.0,1
284,60,66,1,3,1.0,3,0.75,3,0.0,5
82,67,47,1,1,0.25,3,0.25,3,0.0,2
406,60,66,1,1,0.75,3,0.5,2,0.0,4
0,44,40,1,3,0.25,3,0.25,2,0.0,1
99,12,56,1,2,0.75,3,0.5,3,0.0,4
417,65,70,1,3,0.75,3,1.0,3,0.0,5
54,22,33,1,1,0.0,3,0.0,3,0.0,1
188,25,36,1,3,0.75,1,0.75,5,1.0,4
395,67,47,1,1,0.5,3,0.75,2,0.0,4
155,20,12,2,3,1.0,3,0.75,3,1.0,5
87,40,3,2,1,0.5,3,0.75,3,0.0,2
127,28,39,1,3,0.0,1,0.0,2,0.0,2
194,20,12,1,3,0.25,1,0.5,2,0.0,1
195,9,59,2,2,1.0,3,0.75,3,0.0,4
213,32,16,2,3,1.0,3,0.5,3,1.0,4
394,48,30,1,1,0.75,3,1.0,4,0.0,4
5,19,51,1,2,0.5,2,0.5,2,0.0,4
331,0,17,2,2,1.0,3,0.75,2,0.0,4
243,66,4,2,1,1.0,3,0.5,3,0.0,5
350,21,10,1,1,0.75,3,0.75,3,0.0,2
27,20,12,1,1,1.0,3,0.75,3,0.0,5
328,33,50,1,3,0.25,3,0.25,2,0.0,1
406,57,67,1,1,0.75,3,0.5,2,0.0,3
24,23,62,1,1,0.25,3,0.25,2,0.0,2
164,2,23,2,2,0.75,3,0.5,2,0.0,3
420,20,12,1,1,1.0,3,1.0,3,0.0,5
451,36,64,1,3,0.25,3,0.25,3,0.0,2
191,37,27,2,1,0.0,3,0.25,2,0.0,1
24,36,64,1,1,0.75,3,0.75,2,0.0,4
34,56,18,2,3,1.0,3,0.75,3,0.0,5
124,30,20,1,3,1.0,3,1.0,3,1.0,3
444,63,45,2,3,0.75,2,0.5,3,0.0,3
130,21,10,2,3,0.5,2,0.5,3,0.0,2
420,34,42,1,3,1.0,3,1.0,3,0.0,5
204,48,30,1,1,1.0,3,0.5,1,0.0,4
335,22,33,1,1,0.25,3,0.25,5,1.0,2
304,27,49,2,1,0.75,3,0.75,3,0.0,4
54,26,26,2,3,0.0,3,0.0,3,0.0,1
136,31,9,1,1,1.0,3,0.75,2,0.0,5
306,0,17,1,2,0.75,2,0.25,2,0.0,4
88,17,22,2,2,0.75,3,0.75,2,0.0,4
365,62,63,2,1,1.0,3,0.75,3,1.0,3
330,69,65,1,1,1.0,3,0.75,2,0.0,4
114,29,37,2,1,0.5,3,0.75,5,1.0,5
18,63,45,1,1,0.75,3,0.75,2,0.0,2
362,27,49,2,3,1.0,3,0.75,3,0.0,5
246,69,65,2,1,1.0,3,0.75,3,0.0,5
211,69,65,1,1,1.0,3,0.25,1,1.0,5
44,28,39,1,1,0.5,3,0.5,2,0.0,2
315,33,50,1,1,1.0,3,1.0,3,0.0,5
286,27,49,1,1,1.0,3,0.75,3,0.0,3
413,24,46,1,3,0.75,3,0.75,2,0.0,5
32,58,1,2,3,0.25,2,0.25,2,0.0,2
375,29,37,2,1,1.0,3,0.75,2,0.0,4
26,63,45,1,1,0.75,3,1.0,2,0.0,5
349,56,18,1,1,0.0,3,0.5,3,1.0,3
73,13,34,1,2,0.75,2,0.5,2,0.0,5
175,49,21,1,3,1.0,3,1.0,3,0.0,5
420,66,4,1,1,1.0,3,1.0,3,0.0,5
212,48,30,2,3,0.75,2,0.5,3,0.0,5
129,28,39,1,3,0.75,2,0.5,5,1.0,3
225,43,28,1,1,1.0,3,0.75,2,0.0,4
420,24,46,1,3,0.75,3,1.0,3,0.0,5
389,63,45,2,1,0.5,3,0.5,2,0.0,2
398,21,10,2,1,0.0,3,0.0,3,0.0,2
231,44,40,1,1,0.25,3,0.25,4,0.0,2
136,57,67,1,1,0.75,3,0.75,2,0.0,4
441,35,60,1,1,0.0,3,0.0,1,1.0,1
393,39,14,2,3,0.25,3,0.25,2,0.0,4
367,1,48,1,2,1.0,3,0.5,3,0.0,5
179,21,10,2,3,0.5,2,0.5,3,0.0,2
47,38,57,2,1,0.25,3,0.0,3,0.0,1
425,32,16,1,3,1.0,3,0.75,3,0.0,4
24,48,30,1,1,1.0,3,0.75,2,0.0,4
375,21,10,2,1,0.5,3,0.5,2,0.0,3
441,33,50,1,1,0.75,3,0.25,1,1.0,5
18,27,49,1,1,0.75,3,0.75,2,0.0,5
443,31,9,1,3,1.0,1,1.0,2,0.0,5
298,10,31,1,2,0.5,2,0.25,2,0.0,3
179,39,14,2,3,0.25,2,0.25,3,0.0,1
303,24,46,1,1,0.25,3,0.25,3,0.0,2
312,24,46,2,1,0.25,3,0.25,2,0.0,1
364,68,2,2,1,1.0,3,0.75,3,0.0,5
332,24,46,1,1,1.0,3,0.75,2,0.0,5
312,62,63,2,1,0.25,3,0.25,2,0.0,3
1,33,50,2,1,0.5,3,0.5,2,0.0,2
441,21,10,1,1,0.0,3,0.0,1,1.0,1
184,39,14,1,1,0.75,3,1.0,3,0.0,5
424,63,45,2,3,0.25,3,0.5,3,0.0,2
146,48,30,1,3,1.0,3,0.75,2,0.0,4
277,31,9,2,3,1.0,2,0.5,3,1.0,5
341,26,26,1,3,0.0,3,0.5,2,0.0,1
414,63,45,1,3,0.5,3,0.75,2,0.0,2
228,34,42,2,1,0.0,3,0.0,5,1.0,2
349,48,30,1,1,0.75,3,0.5,3,1.0,5
28,34,42,1,1,0.75,3,0.5,2,0.0,4
96,50,61,1,1,0.0,3,0.25,1,1.0,2
145,24,46,1,3,1.0,3,0.5,2,0.0,4
54,29,37,1,1,1.0,3,0.75,3,0.0,5
428,23,62,1,3,0.0,3,0.75,1,1.0,1
78,20,12,1,3,0.25,3,0.0,1,1.0,5
100,14,58,2,2,0.25,3,0.0,3,0.0,2
353,65,70,2,1,0.5,3,0.5,3,0.0,2
446,58,1,1,1,1.0,3,0.75,2,0.0,5
202,49,21,2,3,0.25,2,0.25,3,0.0,1
433,43,28,1,1,0.25,3,0.0,3,0.0,2
443,37,27,1,3,0.75,1,0.75,2,0.0,5
435,43,28,2,1,0.5,3,0.5,2,0.0,3
427,59,69,1,1,0.5,3,0.5,5,0.0,4
214,32,16,1,3,0.25,3,0.25,2,0.0,1
317,29,37,1,1,0.0,3,0.5,5,1.0,1
255,23,62,2,3,0.0,2,0.5,2,0.0,1
231,36,64,1,1,0.75,3,0.5,4,0.0,4
374,23,62,2,1,0.0,3,0.5,3,0.0,1
418,68,2,1,3,0.75,3,0.75,3,0.0,4
28,43,28,1,3,0.25,3,0.5,2,0.0,1
221,22,33,1,1,0.5,3,0.25,2,0.0,2
420,34,42,1,1,0.75,3,1.0,3,0.0,5
28,13,34,1,2,0.5,3,0.5,2,0.0,3
226,21,10,2,3,0.25,2,0.0,1,0.0,1
148,23,62,1,1,0.0,3,0.25,5,1.0,1
116,69,65,1,1,0.25,3,0.0,2,0.0,4
72,23,62,2,1,0.5,3,0.25,2,0.0,2
409,36,64,2,1,1.0,3,0.5,2,0.0,4
414,38,57,2,1,1.0,3,0.5,2,0.0,2
4,24,46,1,3,0.25,3,0.5,3,1.0,2
297,62,63,2,1,0.5,3,0.5,2,0.0,1
274,62,63,2,3,1.0,3,1.0,2,0.0,5
216,61,25,1,1,0.75,3,0.5,2,0.0,5
179,48,30,2,3,1.0,2,0.75,3,0.0,5
167,24,46,1,1,0.5,3,0.75,2,0.0,4
189,54,55,1,1,1.0,3,0.5,3,0.0,5
272,26,26,1,3,1.0,3,0.75,2,0.0,5
250,25,36,1,3,0.75,3,1.0,3,0.0,4
63,68,2,2,3,0.25,3,0.25,2,0.0,2
8,11,43,1,2,0.5,2,0.5,2,0.0,2
176,69,65,1,1,0.5,3,0.5,3,0.0,2
267,24,46,1,3,0.75,1,0.5,2,0.0,4
121,5,5,2,2,0.5,3,0.5,2,0.0,4
207,42,13,2,1,0.75,3,0.5,2,0.0,4
229,25,36,1,1,1.0,3,0.75,3,0.0,4
56,12,56,1,2,1.0,3,0.75,2,0.0,4
336,57,67,2,3,0.75,2,0.75,2,0.0,4
125,27,49,1,3,0.25,3,0.5,2,0.0,2
249,40,3,1,1,1.0,3,1.0,2,0.0,5
275,18,53,1,2,0.25,3,0.25,2,0.0,1
272,20,12,2,1,0.75,3,0.5,2,0.0,4
183,8,44,1,2,0.75,3,0.75,3,0.0,4
133,22,33,1,1,0.75,3,0.5,2,0.0,5
111,23,62,2,3,0.0,3,0.25,3,0.0,1
416,47,8,1,1,0.75,3,0.5,2,0.0,5
250,66,4,1,3,0.25,3,0.25,3,0.0,2
321,26,26,1,3,1.0,3,0.75,2,0.0,4
131,39,14,2,3,1.0,3,1.0,2,0.0,5
345,37,27,2,1,0.5,3,0.25,2,0.0,3
155,8,44,1,2,0.75,3,0.75,3,1.0,5
427,67,47,1,1,0.5,3,0.5,5,0.0,2
170,6,11,1,2,0.0,3,0.0,3,0.0,1
71,56,18,1,3,0.75,3,0.75,3,0.0,4
69,32,16,2,3,0.75,2,0.5,2,0.0,4
93,41,7,2,3,1.0,3,0.5,3,1.0,5
339,40,3,2,3,1.0,2,1.0,3,0.0,5
363,27,49,1,1,0.25,3,0.25,2,0.0,2
0,22,33,1,3,0.25,3,0.25,2,0.0,1
403,25,36,1,3,1.0,3,1.0,2,0.0,2
311,20,12,2,1,1.0,3,0.5,3,0.0,3
421,20,12,2,3,0.5,3,0.5,2,0.0,4
255,66,4,2,3,0.0,2,0.5,2,0.0,1
286,67,47,1,3,0.75,3,0.75,3,0.0,5
400,43,28,1,3,1.0,1,1.0,3,1.0,5
114,58,1,2,3,0.25,3,0.25,5,1.0,3
277,28,39,2,3,0.0,2,0.0,3,1.0,1
298,6,11,1,2,0.0,2,0.0,2,0.0,1
12,20,12,1,1,0.75,3,0.75,3,0.0,4
27,68,2,1,1,1.0,3,0.75,3,0.0,5
365,22,33,2,1,0.0,3,0.0,3,1.0,1
340,14,58,1,2,0.5,2,1.0,2,0.0,4
227,3,38,1,2,0.75,2,0.5,2,0.0,4
156,23,62,2,1,0.75,3,0.75,2,0.0,3
155,56,18,1,1,1.0,3,0.75,3,1.0,5
232,20,12,1,1,0.75,3,0.5,3,0.0,5
103,28,39,1,3,0.25,3,0.25,3,1.0,2
143,59,69,1,3,0.75,3,0.75,3,1.0,4
124,60,66,1,1,1.0,3,1.0,3,1.0,5
201,69,65,1,1,1.0,3,0.5,1,1.0,5
338,26,26,2,3,0.0,2,1.0,2,0.0,1
184,33,50,1,1,1.0,3,1.0,3,0.0,5
135,5,5,1,2,0.5,3,0.5,3,0.0,3
5,7,24,1,2,0.5,2,0.75,2,0.0,4
224,10,31,2,2,0.25,3,0.25,3,0.0,2
47,51,15,2,3,0.75,3,1.0,3,0.0,4
29,32,16,2,1,0.0,3,0.0,2,0.0,1
333,18,53,1,2,0.75,2,0.0,3,1.0,2
377,35,60,1,1,0.5,3,0.5,2,1.0,1
78,24,46,2,1,0.5,3,0.5,1,1.0,4
435,66,4,2,1,0.75,3,0.75,2,0.0,4
315,30,20,1,1,0.25,3,0.5,3,0.0,2
394,24,46,1,1,0.5,3,0.5,4,0.0,2
221,62,63,1,1,0.75,3,0.25,2,0.0,5
55,69,65,2,1,0.0,3,0.0,2,0.0,1
392,27,49,1,1,0.0,3,0.25,3,0.0,1
275,11,43,1,2,0.75,3,0.75,2,0.0,5
300,38,57,2,1,0.25,3,0.75,2,0.0,4
431,20,12,2,1,0.75,3,0.75,3,0.0,4
158,5,5,1,2,0.5,3,0.75,3,1.0,3
238,20,12,1,1,0.5,3,0.5,3,0.0,4
411,58,1,1,1,0.5,3,0.5,1,0.0,3
327,12,56,1,2,0.25,2,0.0,2,0.0,3
353,48,30,2,1,0.75,3,0.5,3,0.0,4
65,32,16,1,1,0.5,3,0.25,3,0.0,2
60,34,42,1,3,0.75,1,1.0,5,1.0,5
20,6,11,1,2,0.5,2,0.5,2,0.0,4
319,28,39,1,1,0.75,1,0.75,2,0.0,2
145,32,16,1,3,0.75,3,1.0,2,0.0,5
93,20,12,1,1,0.75,3,0.5,3,1.0,3
39,14,58,1,2,0.5,2,0.25,2,0.0,1
412,64,32,1,1,1.0,1,1.0,3,1.0,5
247,57,67,2,3,0.25,2,0.25,2,0.0,2
185,3,38,1,2,0.75,2,1.0,2,0.0,5
155,43,28,2,3,1.0,3,0.75,3,1.0,5
202,39,14,2,3,0.75,2,0.5,3,0.0,5
256,35,60,2,1,0.5,3,0.75,2,0.0,4
320,11,43,1,2,0.75,2,0.5,3,0.0,5
173,25,36,1,3,1.0,2,0.5,3,1.0,5
104,48,30,1,1,1.0,1,0.5,3,1.0,4
437,48,30,1,3,0.5,2,0.25,2,0.0,3
449,61,25,1,1,1.0,3,0.75,3,0.0,4
428,27,49,1,3,0.5,3,0.75,1,1.0,1
140,16,52,1,2,1.0,2,0.5,2,0.0,5
57,2,23,2,2,0.75,3,0.75,2,0.0,4
208,20,12,1,1,0.5,3,0.25,2,0.0,1
352,11,43,1,2,0.25,3,0.25,2,0.0,2
126,43,28,1,1,0.5,3,0.5,3,0.0,2
398,50,61,2,1,1.0,3,1.0,3,0.0,3
137,23,62,2,3,0.0,3,0.0,5,1.0,1
208,29,37,1,1,0.0,3,0.25,2,0.0,2
245,54,55,1,3,0.25,3,0.5,5,0.0,2
69,27,49,2,3,0.25,2,0.25,2,0.0,1
49,59,69,2,3,1.0,2,0.75,3,0.0,5
28,0,17,1,2,1.0,3,0.75,2,0.0,5
246,58,1,2,1,0.25,3,0.25,3,0.0,1
47,67,47,2,3,0.0,3,0.25,3,0.0,1
317,23,62,1,1,0.0,3,0.5,5,1.0,1
445,3,38,2,2,0.75,3,0.75,5,1.0,4
217,57,67,1,3,0.25,1,0.5,2,0.0,2
55,66,4,2,1,0.5,3,0.5,2,0.0,3
131,20,12,2,1,1.0,3,1.0,2,0.0,5
37,28,39,1,1,1.0,3,0.75,3,0.0,3
444,24,46,2,3,0.75,2,0.5,3,0.0,4
372,32,16,2,1,0.75,3,0.5,3,0.0,4
399,25,36,1,1,0.75,3,1.0,3,0.0,4
286,31,9,1,1,0.5,3,0.5,3,0.0,4
277,27,49,2,3,1.0,2,0.5,3,1.0,5
279,25,36,1,1,0.5,3,0.5,2,0.0,2
238,25,36,1,1,0.5,3,0.5,3,0.0,5
414,60,66,1,3,1.0,3,1.0,2,0.0,5
367,30,20,1,1,0.5,3,0.5,3,0.0,3
98,26,26,1,3,0.25,3,0.5,3,0.0,2
261,2,23,1,2,0.75,2,0.75,3,0.0,4
300,62,63,1,3,1.0,3,1.0,2,0.0,3
50,31,9,1,1,0.75,3,1.0,2,0.0,5
437,39,14,1,3,0.75,2,0.5,2,0.0,4
188,21,10,1,3,0.5,1,0.75,5,1.0,2
387,25,36,1,1,0.75,3,0.25,2,0.0,5
55,69,65,2,3,0.0,3,0.0,2,0.0,1
310,23,62,1,1,0.25,3,0.25,2,0.0,2
243,26,26,2,1,0.5,3,0.75,3,0.0,3
430,21,10,2,1,0.0,1,0.0,2,0.0,1
41,69,65,1,1,0.75,3,0.75,3,0.0,4
213,48,30,2,3,0.5,3,0.25,3,1.0,1
255,57,67,2,3,1.0,2,0.5,2,0.0,5
62,21,10,1,3,0.25,3,0.5,3,1.0,2
352,7,24,1,2,0.25,3,0.25,2,0.0,2
303,45,68,1,1,0.75,3,0.75,3,0.0,4
176,31,9,1,1,1.0,3,0.5,3,0.0,5
296,4,41,1,2,0.5,3,0.0,3,1.0,1
16,57,67,2,3,0.25,3,0.25,2,0.0,1
11,13,34,1,2,1.0,2,0.75,2,0.0,5
290,7,24,1,2,1.0,3,0.75,2,0.0,4
69,69,65,2,3,0.75,2,0.5,2,0.0,4
40,20,12,1,3,1.0,2,1.0,3,0.0,5
422,7,24,1,2,1.0,3,1.0,3,0.0,5
418,55,29,1,3,0.75,3,0.75,3,0.0,5
298,3,38,1,2,0.0,2,0.0,2,0.0,1
135,8,44,1,2,0.25,3,0.25,3,0.0,2
234,41,7,1,1,1.0,3,0.75,3,0.0,5
386,63,45,2,1,0.75,3,0.25,2,0.0,2
309,25,36,1,1,0.5,3,0.75,3,0.0,4
393,21,10,1,1,0.0,3,0.25,2,0.0,2
328,22,33,1,1,0.75,3,0.25,2,0.0,4
377,67,47,1,3,0.5,3,0.5,2,1.0,2
437,64,32,1,3,1.0,2,0.5,2,0.0,5
387,24,46,1,1,0.75,3,0.75,2,0.0,5
350,68,2,1,1,0.25,3,0.5,3,0.0,3
420,53,19,1,1,1.0,3,0.75,3,0.0,5
357,40,3,1,1,0.75,3,0.5,2,0.0,2
300,56,18,1,3,0.75,3,0.75,2,0.0,5
51,62,63,1,3,1.0,1,1.0,2,0.0,5
155,52,6,2,3,0.25,3,0.75,3,1.0,3
390,38,57,2,3,0.5,3,0.5,3,0.0,2
319,62,63,1,1,0.75,1,0.75,2,0.0,4
244,48,30,1,3,0.75,3,0.75,1,0.0,5
273,59,69,2,3,1.0,2,0.25,3,0.0,5
194,43,28,1,3,0.0,1,0.5,2,0.0,2
346,29,37,1,1,0.75,3,0.5,2,1.0,4
95,19,51,1,2,0.5,2,0.5,2,0.0,2
176,61,25,1,1,0.25,3,0.75,3,0.0,1
296,2,23,1,2,0.75,3,1.0,3,1.0,4
254,51,15,1,1,0.75,3,0.5,2,0.0,5
226,26,26,2,3,0.25,2,0.0,1,0.0,1
206,7,24,1,2,0.0,3,0.5,3,0.0,3
351,21,10,2,1,1.0,3,0.75,2,0.0,5
393,29,37,2,3,1.0,3,0.75,2,0.0,5
155,10,31,1,2,0.25,3,0.5,3,1.0,2
141,21,10,1,3,0.25,3,0.5,3,0.0,1
425,20,12,1,3,0.75,3,0.75,3,0.0,4
296,3,38,1,2,0.25,3,0.0,3,1.0,1
102,24,46,1,3,1.0,3,1.0,3,0.0,5
125,48,30,1,3,0.75,3,0.75,2,0.0,4
207,35,60,2,1,0.25,3,0.25,2,0.0,1
78,25,36,2,1,0.5,3,0.25,1,1.0,3
132,34,42,1,1,0.75,3,0.5,3,0.0,4
420,64,32,1,1,1.0,3,1.0,3,0.0,5
126,30,20,1,1,0.75,3,0.75,3,0.0,4
199,24,46,1,1,0.75,3,1.0,5,1.0,5
181,24,46,1,1,0.75,3,0.5,3,0.0,4
106,15,54,1,2,1.0,2,1.0,2,0.0,5
141,44,40,1,1,0.25,3,0.25,3,0.0,1
99,1,48,1,2,0.75,3,0.75,3,0.0,4
241,31,9,1,1,1.0,3,0.5,2,0.0,5
420,48,30,1,1,1.0,3,1.0,3,0.0,5
297,69,65,2,1,0.75,3,0.25,2,0.0,5
368,26,26,1,1,0.5,3,0.5,2,0.0,2
443,33,50,1,3,0.75,1,0.5,2,0.0,4
382,20,12,2,3,0.75,2,0.25,2,0.0,5
361,20,12,1,3,0.25,1,0.5,3,1.0,2
425,29,37,1,3,1.0,3,0.75,3,0.0,5
0,26,26,1,3,0.25,3,0.25,2,0.0,1
146,30,20,1,3,0.75,3,1.0,2,0.0,5
449,22,33,1,1,0.25,3,0.25,3,0.0,1
215,29,37,1,1,0.5,1,0.75,2,0.0,2
7,61,25,1,1,0.75,3,0.25,3,0.0,5
79,28,39,1,1,0.5,3,0.25,2,0.0,1
175,36,64,1,3,1.0,3,1.0,3,0.0,5
444,21,10,2,3,0.5,2,0.25,3,0.0,2
315,8,44,1,2,1.0,3,1.0,3,0.0,5
303,43,28,1,1,0.25,3,0.25,3,0.0,2
92,60,66,2,3,0.25,2,0.5,2,0.0,2
63,29,37,2,1,1.0,3,0.75,2,0.0,4
245,27,49,1,3,0.5,3,0.75,5,0.0,4
312,64,32,2,1,0.75,3,0.75,2,0.0,4
341,43,28,2,1,0.25,3,0.25,2,0.0,2
178,7,24,1,2,0.75,2,0.75,2,0.0,3
250,23,62,1,3,0.0,3,0.0,3,0.0,1
29,21,10,2,1,0.0,3,0.0,2,0.0,1
222,24,46,1,3,1.0,3,0.75,3,0.0,5
288,20,12,1,1,0.75,3,0.5,3,0.0,5
371,24,46,1,3,0.5,3,0.5,3,0.0,4
281,24,46,1,1,1.0,3,1.0,5,1.0,5
289,40,3,1,1,0.75,3,1.0,3,1.0,5
435,29,37,2,3,0.5,3,0.5,2,0.0,3
424,63,45,2,1,0.25,3,0.5,3,0.0,2
203,10,31,2,2,0.75,3,0.75,4,0.0,4
394,68,2,1,1,0.75,3,1.0,4,0.0,4
19,17,22,1,2,0.75,2,0.75,3,0.0,4
16,30,20,2,3,0.25,3,0.25,2,0.0,2
189,40,3,1,1,1.0,3,0.25,3,0.0,5
441,45,68,1,1,0.5,3,0.25,1,1.0,4
86,22,33,1,3,0.25,3,0.5,3,0.0,1
388,23,62,1,1,0.0,3,0.75,1,0.0,1
226,25,36,2,3,0.25,2,0.0,1,0.0,4
326,10,31,1,2,0.5,3,0.5,1,1.0,4
331,2,23,2,2,0.75,3,0.75,2,0.0,4
214,58,1,1,3,0.25,3,0.25,2,0.0,1
265,68,2,1,1,0.5,3,0.5,3,0.0,4
56,0,17,1,2,1.0,3,0.5,2,0.0,4
333,15,54,1,2,1.0,2,0.5,3,1.0,5
174,40,3,1,3,0.5,2,0.5,2,0.0,2
246,66,4,2,1,1.0,3,0.75,3,0.0,5
368,35,60,1,1,1.0,3,0.75,2,0.0,2
373,37,27,1,1,0.75,3,0.75,3,1.0,4
264,32,16,2,3,0.75,3,0.75,3,0.0,4
32,57,67,2,3,0.25,2,0.0,2,0.0,2
147,20,12,2,1,1.0,3,1.0,3,0.0,5
412,22,33,1,1,0.75,1,1.0,3,1.0,2
253,60,66,2,1,0.75,3,0.75,2,0.0,5
383,69,65,1,3,0.75,3,0.5,3,0.0,5
181,55,29,1,1,0.5,3,0.0,3,0.0,2
359,31,9,1,1,1.0,3,1.0,2,1.0,4
75,21,10,1,3,0.25,3,1.0,3,0.0,2
122,57,67,2,1,0.75,3,0.5,2,0.0,4
300,36,64,1,3,0.75,3,1.0,2,0.0,3
231,31,9,1,1,0.75,3,0.5,4,0.0,4
325,20,12,2,3,0.75,3,0.5,2,0.0,4
304,50,61,2,1,0.25,3,0.0,3,0.0,2
5,10,31,1,2,0.75,2,0.75,2,0.0,5
15,11,43,1,2,0.5,2,0.5,2,0.0,1
302,68,2,2,1,0.25,3,0.0,3,0.0,3
367,20,12,1,1,1.0,3,0.75,3,0.0,5
101,3,38,1,2,1.0,2,1.0,3,1.0,5
95,4,41,1,2,1.0,2,1.0,2,0.0,5
167,60,66,1,3,0.75,3,0.75,2,0.0,5
71,63,45,1,3,1.0,3,0.75,3,0.0,5
246,64,32,2,1,1.0,3,0.5,3,0.0,5
137,24,46,2,3,0.0,3,0.0,5,1.0,1
370,33,50,2,1,0.25,3,0.0,2,0.0,1
140,13,34,1,2,0.75,2,0.5,2,0.0,3
244,24,46,1,1,1.0,3,0.75,1,0.0,4
412,24,46,1,1,1.0,1,1.0,3,1.0,5
144,38,57,1,1,0.25,3,0.0,2,0.0,3
301,43,28,2,1,0.5,3,0.25,3,0.0,3
69,59,69,2,3,0.5,2,0.75,2,0.0,3
179,40,3,2,3,0.75,2,0.75,3,0.0,5
244,22,33,1,1,1.0,3,0.5,1,0.0,4
88,13,34,2,2,0.25,3,0.0,2,0.0,2
346,58,1,1,3,0.0,3,0.0,2,1.0,1
337,54,55,1,1,0.25,1,0.25,3,0.0,1
28,25,36,1,1,0.75,3,0.75,2,0.0,4
272,66,4,2,1,0.75,3,0.5,2,0.0,4
139,64,32,2,3,0.75,2,0.75,3,0.0,3
423,5,5,1,2,0.25,3,0.5,3,1.0,2
75,53,19,1,3,1.0,3,1.0,3,0.0,5
302,57,67,2,3,1.0,3,0.75,3,0.0,5
137,38,57,2,3,1.0,3,0.75,5,1.0,5
21,38,57,2,3,0.75,3,0.75,3,0.0,4
403,21,10,2,1,1.0,3,0.75,2,0.0,5
161,8,44,2,2,1.0,3,1.0,3,0.0,5
221,46,35,1,1,0.25,3,0.0,2,0.0,2
292,44,40,1,3,0.25,3,0.25,3,0.0,2
155,35,60,1,1,0.25,3,0.25,3,1.0,2
379,25,36,2,1,0.25,3,0.25,3,0.0,2
158,52,6,1,1,0.5,3,0.5,3,1.0,3
421,0,17,2,2,1.0,3,1.0,2,0.0,4
398,27,49,2,1,1.0,3,0.5,3,0.0,4
295,21,10,1,3,0.75,3,0.5,3,0.0,4
173,20,12,1,3,1.0,2,0.75,3,1.0,4
232,23,62,1,1,0.5,3,0.25,3,0.0,2
218,29,37,1,3,0.75,3,0.5,3,1.0,5
153,24,46,1,1,0.75,3,0.5,3,0.0,4
301,48,30,2,3,0.5,3,1.0,3,0.0,5
301,27,49,2,1,0.5,3,0.5,3,0.0,3
63,69,65,2,1,0.75,3,0.75,2,0.0,4
79,35,60,1,1,1.0,3,0.5,2,0.0,5
388,31,9,1,1,0.75,3,0.75,1,0.0,4
222,50,61,1,1,0.5,3,0.75,3,0.0,2
374,63,45,2,1,1.0,3,0.75,3,0.0,5
246,28,39,2,1,0.5,3,0.5,3,0.0,4
116,52,6,1,1,0.0,3,0.0,2,0.0,1
344,62,63,1,1,0.75,3,0.5,3,0.0,3
256,65,70,2,1,0.5,3,0.75,2,0.0,1
349,66,4,1,1,0.5,3,0.5,3,1.0,3
325,67,47,2,3,1.0,3,0.75,2,0.0,5
354,29,37,1,1,1.0,3,0.5,3,0.0,5
378,68,2,2,1,0.75,3,0.5,3,0.0,4
296,11,43,1,2,0.25,3,0.0,3,1.0,1
384,28,39,1,3,0.0,1,0.25,3,0.0,1
78,23,62,1,3,0.5,3,0.5,1,1.0,3
100,2,23,2,2,1.0,3,1.0,3,0.0,5
365,37,27,2,1,0.75,3,0.5,3,1.0,3
43,20,12,1,1,0.75,3,0.5,2,0.0,3
18,51,15,1,1,0.75,3,0.75,2,0.0,2
200,28,39,1,1,0.0,3,0.0,3,0.0,1
246,29,37,2,1,1.0,3,0.5,3,0.0,5
16,62,63,2,3,1.0,3,1.0,2,0.0,5
289,24,46,1,1,0.0,3,0.0,3,1.0,2
342,25,36,1,1,1.0,3,0.5,2,0.0,4
154,37,27,1,1,0.75,3,1.0,3,1.0,5
359,51,15,1,1,0.25,3,0.25,2,1.0,2
352,1,48,1,2,0.25,3,0.25,2,0.0,2
140,0,17,1,2,0.5,2,0.5,2,0.0,4
374,23,62,2,3,0.0,3,0.5,3,0.0,1
293,68,2,2,1,0.75,3,0.75,3,0.0,4
157,59,69,1,3,1.0,2,0.75,2,0.0,5
293,48,30,2,1,1.0,3,0.75,3,0.0,5
243,24,46,2,1,1.0,3,1.0,3,0.0,5
116,24,46,1,1,1.0,3,0.25,2,0.0,4
37,39,14,1,1,0.75,3,0.5,3,0.0,5
101,10,31,1,2,1.0,2,1.0,3,1.0,5
0,40,3,1,3,0.75,3,0.75,2,0.0,4
208,34,42,1,1,0.0,3,0.0,2,0.0,3
246,46,35,2,1,0.75,3,0.75,3,0.0,4
395,27,49,1,1,0.5,3,0.75,2,0.0,1
62,26,26,1,3,0.25,3,0.25,3,1.0,3
258,33,50,1,3,0.75,3,0.75,2,0.0,1
222,55,29,1,1,0.75,3,1.0,3,0.0,5
365,64,32,2,1,1.0,3,1.0,3,1.0,4
136,29,37,1,1,0.75,3,0.75,2,0.0,4
423,15,54,1,2,0.25,3,0.25,3,1.0,2
44,65,70,1,1,0.25,3,0.25,2,0.0,3
244,61,25,1,1,0.75,3,0.75,1,0.0,4
44,35,60,1,1,1.0,3,0.75,2,0.0,4
253,39,14,2,1,1.0,3,0.75,2,0.0,5
123,39,14,1,3,0.25,1,0.5,2,0.0,4
423,19,51,1,2,0.25,3,0.5,3,1.0,3
24,22,33,1,1,0.25,3,0.25,2,0.0,2
55,66,4,2,3,0.5,3,0.5,2,0.0,3
367,15,54,1,2,1.0,3,0.5,3,0.0,5
240,45,68,1,1,0.75,3,0.75,1,1.0,4
361,62,63,1,3,0.5,1,0.25,3,1.0,1
352,23,62,1,1,0.25,3,0.25,2,0.0,2
123,24,46,1,3,0.75,1,0.5,2,0.0,4
313,52,6,2,1,0.75,3,0.0,3,0.0,1
353,24,46,2,1,0.5,3,0.5,3,0.0,4
289,20,12,1,1,0.0,3,0.0,3,1.0,2
235,43,28,1,1,0.75,1,0.5,2,0.0,5
102,39,14,1,3,0.25,3,0.25,3,0.0,3
39,0,17,1,2,0.5,2,0.5,2,0.0,4
77,43,28,1,1,1.0,3,0.75,2,0.0,5
395,52,6,1,3,0.5,3,0.5,2,0.0,2
47,22,33,2,3,0.0,3,0.0,3,0.0,2
73,7,24,1,2,0.5,2,0.5,2,0.0,4
14,29,37,2,1,0.75,3,0.5,3,0.0,5
219,24,46,2,1,1.0,3,0.5,2,0.0,5
299,24,46,1,1,0.5,3,0.5,2,1.0,2
244,34,42,1,3,0.5,3,0.75,1,0.0,4
442,37,27,1,1,0.75,3,0.5,3,0.0,4
154,10,31,1,2,1.0,3,0.5,3,1.0,4
183,7,24,1,2,0.75,3,0.75,3,0.0,4
174,28,39,1,3,0.25,2,0.25,2,0.0,4
132,23,62,1,1,0.75,3,0.75,3,0.0,1
197,13,34,1,2,0.75,2,1.0,2,0.0,5
281,42,13,1,1,0.25,3,0.5,5,1.0,2
153,64,32,1,1,0.75,3,0.5,3,0.0,2
121,17,22,2,2,0.5,3,0.25,2,0.0,2
38,15,54,2,2,0.75,3,0.5,2,0.0,4
75,39,14,1,1,0.25,3,1.0,3,0.0,2
373,53,19,1,1,1.0,3,1.0,3,1.0,5
244,67,47,1,3,0.25,3,0.75,1,0.0,1
82,21,10,2,3,0.75,3,0.5,3,0.0,4
414,48,30,1,3,1.0,3,0.75,2,0.0,4
397,27,49,2,3,0.5,2,0.75,2,0.0,4
110,24,46,1,1,1.0,3,0.75,2,0.0,4
368,24,46,1,3,1.0,3,1.0,2,0.0,5
38,8,44,2,2,0.75,3,0.5,2,0.0,5
123,20,12,1,3,0.5,1,0.5,2,0.0,5
202,26,26,2,3,0.25,2,0.5,3,0.0,1
150,43,28,1,3,1.0,2,0.5,3,0.0,5
136,10,31,1,2,0.75,3,0.75,2,0.0,4
44,20,12,1,1,0.5,3,0.5,2,0.0,2
150,32,16,1,3,1.0,2,0.75,3,0.0,5
74,25,36,1,3,0.75,3,0.75,2,0.0,4
183,11,43,1,2,1.0,3,0.75,3,0.0,5
340,10,31,1,2,0.25,2,0.0,2,0.0,1
170,2,23,1,2,0.0,3,0.0,3,0.0,1
28,20,12,1,1,0.75,3,0.75,2,0.0,4
149,55,29,2,3,0.5,3,0.75,3,0.0,2
311,25,36,2,1,1.0,3,0.5,3,0.0,3
190,10,31,2,2,0.25,3,0.25,3,0.0,2
317,38,57,1,1,0.0,3,0.5,5,1.0,3
381,68,2,1,3,1.0,3,1.0,3,0.0,5
3,29,37,2,1,1.0,3,0.5,3,1.0,4
11,10,31,1,2,0.25,2,0.25,2,0.0,1
325,26,26,2,3,0.5,3,0.25,2,0.0,2
365,64,32,1,3,0.5,3,0.5,3,1.0,4
215,24,46,2,3,0.5,2,0.5,2,0.0,1
70,58,1,1,3,0.75,3,0.75,2,0.0,4
393,46,35,1,1,0.75,3,0.75,2,0.0,5
85,27,49,1,1,1.0,3,0.75,2,0.0,5
365,63,45,1,3,1.0,3,0.5,3,1.0,5
124,28,39,1,3,0.5,3,0.25,3,1.0,3
315,26,26,1,1,0.25,3,0.5,3,0.0,1
27,31,9,2,3,1.0,3,0.75,3,0.0,4
32,34,42,2,3,0.25,2,0.25,2,0.0,1
86,34,42,1,1,1.0,3,0.5,3,0.0,4
220,65,70,1,3,0.25,2,0.25,3,0.0,1
418,27,49,1,3,1.0,3,0.75,3,0.0,4
258,34,42,2,1,0.0,3,0.0,2,0.0,1
435,39,14,2,1,1.0,3,1.0,2,0.0,5
54,30,20,2,3,0.5,3,0.25,3,0.0,2
394,21,10,1,1,0.75,3,0.75,4,0.0,4
442,29,37,1,1,0.75,3,0.5,3,0.0,5
161,18,53,2,2,1.0,3,1.0,3,0.0,5
265,55,29,1,1,0.75,3,0.25,3,0.0,4
323,13,34,2,2,1.0,3,0.75,3,0.0,5
67,40,3,1,1,1.0,3,0.75,2,0.0,5
265,26,26,1,1,0.5,3,0.25,3,0.0,5
371,45,68,1,1,0.5,3,0.5,3,0.0,2
260,63,45,2,1,0.5,3,0.75,2,0.0,2
79,36,64,1,3,0.5,3,0.75,2,0.0,2
228,39,14,2,1,1.0,3,0.75,5,1.0,5
37,50,61,1,1,1.0,3,0.5,3,0.0,5
399,40,3,1,1,0.75,3,0.75,3,0.0,4
122,49,21,2,3,0.5,3,0.0,2,0.0,2
238,39,14,1,1,0.75,3,0.5,3,0.0,5
417,46,35,1,1,0.5,3,0.25,3,0.0,3
307,10,31,1,2,0.25,3,0.25,2,0.0,2
316,31,9,2,3,1.0,3,0.75,3,0.0,4
158,50,61,1,1,0.75,3,0.75,3,1.0,4
425,40,3,1,3,1.0,3,0.75,3,0.0,5
299,34,42,1,1,0.75,3,0.5,2,1.0,4
16,57,67,2,1,0.25,3,0.25,2,0.0,1
301,69,65,2,3,0.75,3,1.0,3,0.0,5
80,1,48,1,2,0.25,2,0.5,3,1.0,2
383,41,7,1,3,1.0,3,1.0,3,0.0,5
441,52,6,1,1,0.25,3,0.0,1,1.0,1
20,5,5,1,2,0.5,2,0.5,2,0.0,2
136,61,25,1,1,0.5,3,0.75,2,0.0,4
274,66,4,2,3,0.25,3,0.25,2,0.0,3
105,48,30,1,3,0.75,3,0.75,3,0.0,4
442,68,2,1,1,0.75,3,0.5,3,0.0,5
418,63,45,1,3,0.0,3,0.25,3,0.0,1
375,26,26,2,3,0.5,3,0.5,2,0.0,3
435,62,63,2,1,0.75,3,0.5,2,0.0,3
44,40,3,1,1,0.75,3,0.75,2,0.0,4
347,18,53,2,2,0.25,3,0.0,4,0.0,3
38,13,34,2,2,0.75,3,0.5,2,0.0,4
127,56,18,1,3,1.0,1,0.5,2,0.0,4
217,39,14,1,3,0.75,1,0.5,2,0.0,5
341,50,61,1,3,0.75,3,0.75,2,0.0,5
435,65,70,2,1,0.75,3,0.75,2,0.0,4
417,62,63,1,3,1.0,3,1.0,3,0.0,5
436,26,26,1,1,0.25,3,0.25,3,0.0,2
337,24,46,1,1,1.0,1,0.75,3,0.0,5
58,20,12,1,1,0.75,3,0.5,3,0.0,5
29,40,3,2,1,1.0,3,0.5,2,0.0,5
62,56,18,2,1,1.0,3,0.75,3,1.0,5
300,26,26,1,3,0.5,3,0.5,2,0.0,3
362,68,2,1,1,0.75,3,0.75,3,0.0,5
213,37,27,2,3,0.5,3,0.5,3,1.0,2
156,55,29,2,1,1.0,3,1.0,2,0.0,5
210,64,32,2,3,0.5,2,0.5,3,0.0,4
342,2,23,1,2,1.0,3,0.75,2,0.0,5
272,36,64,2,1,0.75,3,0.5,2,0.0,4
155,60,66,1,1,0.5,3,0.25,3,1.0,1
265,37,27,1,1,1.0,3,0.5,3,0.0,4
315,55,29,1,1,1.0,3,1.0,3,0.0,5
3,57,67,2,1,0.25,3,0.0,3,1.0,1
204,23,62,1,1,0.25,3,0.25,1,0.0,2
38,5,5,2,2,0.25,3,0.5,2,0.0,3
111,67,47,2,3,0.25,3,0.25,3,0.0,2
268,33,50,1,1,0.25,3,0.25,3,0.0,2
348,1,48,1,2,0.25,2,0.25,2,0.0,1
392,24,46,1,1,0.0,3,0.0,3,0.0,1
431,30,20,2,1,1.0,3,0.75,3,0.0,5
252,10,31,1,2,1.0,2,0.5,3,0.0,5
322,24,46,1,1,0.5,3,0.0,3,0.0,1
438,9,59,2,2,0.0,3,0.25,2,0.0,2
121,14,58,2,2,1.0,3,0.5,2,0.0,3
262,33,50,1,1,0.75,3,0.5,2,1.0,3
403,35,60,2,1,0.0,3,0.25,2,0.0,1
37,67,47,1,1,1.0,3,1.0,3,0.0,5
246,43,28,2,1,0.5,3,0.75,3,0.0,4
303,20,12,1,1,0.25,3,0.25,3,0.0,2
86,44,40,1,3,1.0,3,0.5,3,0.0,5
142,44,40,1,1,0.75,3,0.75,3,0.0,5
130,61,25,2,3,1.0,2,1.0,3,0.0,5
102,48,30,1,3,1.0,3,0.75,3,0.0,5
425,31,9,1,3,1.0,3,0.75,3,0.0,4
4,29,37,1,3,0.75,3,0.75,3,1.0,5
118,38,57,1,3,0.75,3,0.5,3,1.0,4
246,48,30,2,1,0.75,3,0.25,3,0.0,4
344,41,7,1,1,0.75,3,0.5,3,0.0,4
305,37,27,2,1,1.0,3,0.5,3,1.0,3
387,50,61,1,1,0.0,3,0.25,2,0.0,3
364,42,13,2,1,0.5,3,0.25,3,0.0,4
170,16,52,1,2,0.5,3,0.5,3,0.0,3
40,22,33,1,3,1.0,2,1.0,3,0.0,5
255,20,12,2,3,0.5,2,0.5,2,0.0,4
135,2,23,1,2,1.0,3,1.0,3,0.0,5
395,58,1,1,3,0.5,3,0.5,2,0.0,2
195,18,53,2,2,0.75,3,0.75,3,0.0,5
74,27,49,1,3,0.5,3,0.5,2,0.0,4
126,23,62,1,1,0.25,3,0.25,3,0.0,2
244,33,50,1,1,0.5,3,0.25,1,0.0,2
446,55,29,1,1,1.0,3,0.75,2,0.0,5
442,20,12,1,1,1.0,3,0.5,3,0.0,4
91,26,26,1,1,0.5,3,0.5,2,0.0,4
166,28,39,1,1,0.0,3,0.0,3,0.0,1
111,39,14,2,1,1.0,3,0.75,3,0.0,5
184,53,19,1,1,1.0,3,0.75,3,0.0,5
264,44,40,2,3,0.75,3,0.5,3,0.0,2
74,65,70,1,1,0.75,3,0.75,2,0.0,4
34,63,45,2,1,0.0,3,0.25,3,0.0,2
293,33,50,2,1,0.5,3,0.75,3,0.0,2
162,26,26,2,3,0.75,2,0.25,3,0.0,1
362,35,60,1,1,0.0,3,0.25,3,0.0,3
227,8,44,1,2,0.75,2,0.5,2,0.0,4
240,21,10,1,1,0.0,3,0.0,1,1.0,1
328,20,12,1,1,0.25,3,0.75,2,0.0,2
58,51,15,1,1,0.5,3,0.25,3,0.0,2
241,25,36,1,1,0.0,3,0.0,2,0.0,1
167,21,10,1,1,0.25,3,0.25,2,0.0,2
67,63,45,1,1,0.0,3,0.5,2,0.0,1
174,69,65,1,3,0.25,2,0.0,2,0.0,4
116,48,30,1,1,0.0,3,0.0,2,0.0,1
180,12,56,1,2,0.75,3,0.75,3,0.0,4
24,40,3,1,1,1.0,3,1.0,2,0.0,5
25,22,33,2,1,0.75,3,0.5,2,0.0,2
424,20,12,2,3,1.0,3,0.5,3,0.0,5
208,25,36,1,1,0.75,3,0.75,2,0.0,4
439,24,46,1,1,0.5,3,0.5,3,0.0,4
406,49,21,1,1,0.75,3,0.5,2,0.0,2
177,27,49,1,1,0.25,1,0.25,3,1.0,2
155,21,10,2,3,0.0,3,0.0,3,1.0,1
259,30,20,2,3,0.25,2,0.25,3,1.0,2
246,47,8,2,1,0.75,3,0.5,3,0.0,4
160,19,51,1,2,0.0,3,0.0,3,1.0,1
320,18,53,1,2,0.25,2,0.25,3,0.0,2
161,15,54,2,2,0.0,3,0.0,3,0.0,1
435,23,62,2,3,0.0,3,0.5,2,0.0,2
297,35,60,2,1,0.75,3,0.5,2,0.0,5
4,40,3,1,3,0.75,3,0.5,3,1.0,5
177,28,39,2,3,0.75,2,1.0,3,1.0,5
311,34,42,2,1,1.0,3,0.5,3,0.0,5
295,60,66,1,3,1.0,3,1.0,3,0.0,5
191,27,49,2,1,0.25,3,0.25,2,0.0,2
24,5,5,1,2,1.0,3,0.75,2,0.0,5
201,35,60,1,1,0.0,3,0.0,1,1.0,1
393,32,16,2,3,0.5,3,0.75,2,0.0,5
160,30,20,1,3,0.25,3,0.25,3,1.0,1
103,39,14,2,1,0.25,3,0.25,3,1.0,2
420,56,18,1,1,1.0,3,1.0,3,0.0,5
434,68,2,1,3,1.0,2,0.75,5,1.0,5
155,59,69,2,3,0.5,3,1.0,3,1.0,4
313,43,28,2,1,0.5,3,0.5,3,0.0,1
19,5,5,1,2,0.25,2,0.75,3,0.0,1
437,66,4,1,3,1.0,2,0.5,2,0.0,5
312,31,9,2,3,0.75,3,0.75,2,0.0,4
46,5,5,1,2,0.25,3,0.25,3,0.0,2
282,53,19,2,1,0.0,3,0.0,2,0.0,2
75,56,18,1,3,1.0,3,0.75,3,0.0,5
436,47,8,1,1,0.25,3,0.25,3,0.0,2
58,62,63,1,3,0.25,3,0.75,3,0.0,2
4,45,68,1,1,0.5,3,0.5,3,1.0,4
116,64,32,1,1,0.75,3,0.5,2,0.0,4
300,68,2,1,3,0.75,3,0.5,2,0.0,5
334,62,63,1,3,0.75,3,0.75,3,0.0,4
28,7,24,1,2,0.75,3,0.75,2,0.0,4
430,30,20,2,1,0.0,1,0.25,2,0.0,1
438,17,22,2,2,0.5,3,0.75,2,0.0,4
302,68,2,2,3,0.25,3,0.0,3,0.0,3
61,47,8,1,1,0.5,3,0.25,2,0.0,3
286,46,35,1,3,0.75,3,1.0,3,0.0,4
409,21,10,2,1,0.0,3,0.0,2,0.0,1
141,33,50,1,3,0.25,3,0.5,3,0.0,1
285,25,36,1,1,0.0,3,0.5,2,0.0,1
122,60,66,2,1,0.75,3,0.5,2,0.0,4
195,22,33,1,1,1.0,3,0.75,3,0.0,5
316,31,9,2,1,1.0,3,0.75,3,0.0,4
228,31,9,2,1,1.0,3,0.75,5,1.0,5
438,1,48,2,2,0.0,3,0.25,2,0.0,1
48,20,12,2,1,0.75,3,0.5,3,0.0,3
28,25,36,1,3,0.75,3,0.75,2,0.0,4
34,36,64,2,1,0.5,3,0.5,3,0.0,2
446,46,35,1,1,0.0,3,0.0,2,0.0,1
197,10,31,1,2,0.5,2,0.5,2,0.0,2
406,68,2,1,1,0.75,3,0.5,2,0.0,3
40,62,63,1,3,1.0,2,1.0,3,0.0,5
442,42,13,1,1,0.5,3,0.75,3,0.0,3
397,30,20,2,3,0.25,2,0.25,2,0.0,1
371,20,12,1,1,0.75,3,0.5,3,0.0,4
435,35,60,2,1,0.5,3,0.5,2,0.0,2
367,0,17,1,2,1.0,3,0.75,3,0.0,5
127,47,8,1,3,1.0,1,0.5,2,0.0,5
355,32,16,2,3,1.0,3,0.5,2,0.0,4
100,9,59,2,2,0.25,3,0.0,3,0.0,2
330,25,36,1,1,1.0,3,0.75,2,0.0,5
99,21,10,1,1,0.25,3,0.25,3,0.0,2
93,38,57,2,3,0.75,3,0.5,3,1.0,4
358,36,64,1,3,0.5,2,0.5,2,0.0,4
158,56,18,2,3,0.75,3,0.75,3,1.0,4
203,2,23,2,2,0.0,3,0.0,4,0.0,1
26,42,13,1,1,0.25,3,0.0,2,0.0,1
122,27,49,1,1,0.25,3,0.0,2,0.0,2
41,68,2,1,1,0.75,3,0.5,3,0.0,4
368,21,10,1,1,0.75,3,0.75,2,0.0,4
365,59,69,2,1,0.75,3,0.75,3,1.0,4
395,20,12,1,3,0.5,3,0.5,2,0.0,4
244,63,45,1,3,0.25,3,1.0,1,0.0,3
415,50,61,1,1,0.25,3,0.25,2,0.0,1
112,41,7,1,3,0.75,2,0.75,5,1.0,4
439,20,12,1,1,0.5,3,0.5,3,0.0,4
417,65,70,1,1,1.0,3,0.75,3,0.0,5
426,2,23,2,2,0.0,3,0.0,2,0.0,1
69,29,37,2,3,0.75,2,0.75,2,0.0,3
278,28,39,2,3,0.0,2,0.5,2,0.0,3
90,68,2,1,3,1.0,3,1.0,3,0.0,5
330,59,69,1,1,0.75,3,0.75,2,0.0,5
360,37,27,1,1,0.75,3,1.0,2,0.0,5
290,11,43,1,2,0.75,3,0.5,2,0.0,5
400,66,4,1,3,1.0,1,0.75,3,1.0,5
330,23,62,1,1,0.0,3,0.0,2,0.0,2
265,33,50,1,1,0.75,3,0.75,3,0.0,5
93,28,39,1,1,0.25,3,0.25,3,1.0,2
137,64,32,2,1,0.75,3,0.75,5,1.0,4
283,21,10,1,1,0.25,3,0.0,2,0.0,2
79,34,42,1,1,0.5,3,0.25,2,0.0,2
359,25,36,2,3,0.75,3,0.75,2,1.0,4
431,61,25,2,3,1.0,3,0.75,3,0.0,5
189,20,12,1,1,1.0,3,0.25,3,0.0,5
252,15,54,1,2,0.25,2,0.25,3,0.0,2
86,47,8,1,1,0.0,3,0.0,3,0.0,1
281,27,49,1,1,1.0,3,0.75,5,1.0,5
182,51,15,2,3,0.5,2,0.5,5,0.0,1
438,4,41,2,2,0.0,3,0.25,2,0.0,2
7,24,46,1,1,1.0,3,0.5,3,0.0,5
132,64,32,1,1,0.75,3,0.5,3,0.0,5
300,50,61,2,1,0.75,3,0.25,2,0.0,4
304,26,26,2,1,0.25,3,0.0,3,0.0,1
60,25,36,1,3,0.75,1,1.0,5,1.0,5
419,0,17,1,2,1.0,2,0.5,3,0.0,5
368,43,28,1,1,0.5,3,0.75,2,0.0,4
89,44,40,2,1,0.5,3,0.5,2,0.0,3
363,64,32,1,1,0.5,3,0.5,2,0.0,5
81,49,21,1,1,0.75,3,0.0,2,0.0,5
51,39,14,1,3,0.75,1,0.75,2,0.0,5
244,24,46,1,3,1.0,3,0.75,1,0.0,4
434,51,15,1,3,0.25,2,0.75,5,1.0,2
116,43,28,1,1,0.75,3,0.25,2,0.0,5
221,26,26,1,1,0.75,3,0.25,2,0.0,5
431,22,33,2,3,0.0,3,0.25,3,0.0,1
229,55,29,1,1,0.75,3,1.0,3,0.0,5
264,42,13,2,3,0.5,3,0.5,3,0.0,4
284,64,32,1,3,1.0,3,0.75,3,0.0,5
401,9,59,1,2,0.75,2,0.5,2,0.0,5
1,32,16,1,3,0.75,3,0.75,2,0.0,5
200,40,3,1,1,1.0,3,0.75,3,0.0,5
158,47,8,1,1,0.5,3,0.5,3,1.0,3
298,12,56,1,2,0.5,2,0.25,2,0.0,4
86,49,21,1,1,1.0,3,0.5,3,0.0,5
75,64,32,1,3,0.25,3,1.0,3,0.0,3
453,26,26,1,1,1.0,3,1.0,2,0.0,4
372,35,60,2,1,0.5,3,0.5,3,0.0,4
378,36,64,2,1,0.5,3,0.75,3,0.0,2
328,20,12,1,3,1.0,3,0.5,2,0.0,5
249,38,57,1,1,0.5,3,0.25,2,0.0,2
299,59,69,1,1,0.75,3,0.75,2,1.0,5
63,24,46,2,1,0.0,3,0.25,2,0.0,2
15,0,17,1,2,0.75,2,0.5,2,0.0,4
246,68,2,2,1,0.5,3,0.5,3,0.0,4
111,68,2,2,3,0.75,3,0.75,3,0.0,5
441,39,14,1,1,1.0,3,0.25,1,1.0,5
71,42,13,1,3,0.0,3,0.0,3,0.0,2
78,45,68,2,1,1.0,3,1.0,1,1.0,5
249,33,50,1,1,1.0,3,1.0,2,0.0,5
9,12,56,1,2,1.0,2,0.0,3,0.0,1
431,63,45,2,3,0.0,3,0.25,3,0.0,2
105,27,49,1,3,0.5,3,0.5,3,0.0,2
370,24,46,2,1,0.5,3,0.25,2,0.0,2
343,39,14,2,1,0.5,3,0.0,1,1.0,1
78,24,46,1,3,0.25,3,0.5,1,1.0,3
332,63,45,1,1,0.0,3,0.25,2,0.0,2
100,11,43,2,2,0.75,3,1.0,3,0.0,5
89,24,46,2,1,1.0,3,0.5,2,0.0,4
163,60,66,1,3,0.25,3,0.25,2,0.0,2
238,51,15,1,1,0.5,3,0.5,3,0.0,3
40,29,37,1,3,1.0,2,1.0,3,0.0,5
218,30,20,1,3,0.75,3,0.5,3,1.0,5
362,45,68,2,3,0.25,3,0.5,3,0.0,1
183,10,31,1,2,0.25,3,0.25,3,0.0,2
77,27,49,1,1,0.5,3,0.75,2,0.0,2
90,24,46,1,3,0.0,3,0.5,3,0.0,2
209,10,31,1,2,0.25,2,0.75,3,1.0,4
336,59,69,2,3,0.25,2,0.0,2,0.0,4
45,16,52,1,2,0.25,2,1.0,2,0.0,1
251,57,67,2,3,0.75,2,0.5,2,0.0,5
115,23,62,1,1,0.0,3,0.0,1,1.0,1
277,29,37,2,3,0.0,2,0.0,3,1.0,3
257,22,33,2,3,0.75,3,0.75,3,0.0,3
109,29,37,1,1,1.0,3,0.5,1,1.0,5
231,59,69,1,1,0.75,3,0.5,4,0.0,4
236,19,51,1,2,0.5,2,0.75,2,0.0,2
157,45,68,1,3,0.75,2,0.75,2,0.0,4
180,30,20,1,1,0.75,3,1.0,3,0.0,4
75,48,30,1,3,0.5,3,1.0,3,0.0,2
317,44,40,1,1,0.5,3,0.5,5,1.0,5
113,68,2,1,1,1.0,3,0.5,5,1.0,4
442,50,61,1,1,0.75,3,0.75,3,0.0,3
437,29,37,1,3,0.5,2,1.0,2,0.0,3
136,48,30,1,3,1.0,3,1.0,2,0.0,5
7,49,21,1,1,1.0,3,0.0,3,0.0,4
77,28,39,1,1,0.75,3,0.75,2,0.0,2
111,22,33,2,1,1.0,3,1.0,3,0.0,4
114,41,7,2,1,0.25,3,0.25,5,1.0,1
418,23,62,1,3,0.0,3,0.25,3,0.0,2
430,39,14,2,1,0.5,1,0.5,2,0.0,4
350,43,28,1,1,1.0,3,1.0,3,0.0,5
143,48,30,1,3,0.5,3,0.75,3,1.0,3
176,62,63,1,1,0.0,3,0.5,3,0.0,4
227,18,53,1,2,0.5,2,0.25,2,0.0,2
329,20,12,1,3,0.75,2,0.75,2,0.0,4
383,50,61,1,3,0.5,3,0.5,3,0.0,1
30,55,29,1,1,1.0,3,0.75,2,0.0,5
241,22,33,1,3,0.25,3,0.25,2,0.0,2
344,38,57,1,1,0.75,3,1.0,3,0.0,3
428,56,18,1,3,0.75,3,0.75,1,1.0,5
414,24,46,1,3,1.0,3,0.75,2,0.0,5
137,23,62,2,1,0.0,3,0.0,5,1.0,1
102,25,36,1,3,0.75,3,0.5,3,0.0,4
390,60,66,2,3,0.5,3,0.5,3,0.0,4
169,3,38,1,2,0.25,3,0.25,2,0.0,2
425,35,60,1,3,0.0,3,0.25,3,0.0,1
206,57,67,1,1,0.75,3,0.75,3,0.0,4
368,24,46,1,1,0.75,3,0.75,2,0.0,4
200,22,33,1,1,0.0,3,0.0,3,0.0,2
417,30,20,1,1,1.0,3,0.5,3,0.0,5
40,39,14,1,3,1.0,2,1.0,3,0.0,5
76,24,46,2,3,1.0,3,0.75,2,0.0,4
54,24,46,1,1,0.0,3,0.0,3,0.0,2
376,51,15,2,1,1.0,3,0.5,3,0.0,5
294,60,66,2,3,0.0,2,0.5,2,0.0,1
244,27,49,1,1,1.0,3,0.75,1,0.0,4
30,37,27,1,1,0.0,3,0.25,2,0.0,2
326,15,54,1,2,0.25,3,0.0,1,1.0,2
12,33,50,1,1,0.75,3,0.75,3,0.0,5
283,0,17,1,2,0.75,3,0.5,2,0.0,4
272,37,27,2,1,0.75,3,0.5,2,0.0,4
435,37,27,2,3,1.0,3,1.0,2,0.0,5
41,29,37,1,1,1.0,3,0.75,3,0.0,5
300,63,45,1,3,0.5,3,0.75,2,0.0,5
269,62,63,1,1,1.0,3,1.0,2,0.0,4
411,31,9,1,1,0.75,3,1.0,1,0.0,4
158,29,37,1,1,0.75,3,0.75,3,1.0,4
320,1,48,1,2,0.75,2,0.5,3,0.0,4
191,31,9,2,1,1.0,3,0.25,2,0.0,5
122,56,18,1,1,0.75,3,0.5,2,0.0,4
16,35,60,2,1,0.25,3,0.25,2,0.0,1
158,18,53,1,2,0.25,3,0.5,3,1.0,2
420,58,1,1,1,1.0,3,1.0,3,0.0,5
43,22,33,1,1,0.25,3,0.5,2,0.0,1
184,37,27,1,1,0.25,3,0.75,3,0.0,2
401,12,56,1,2,0.25,2,0.25,2,0.0,3
27,21,10,2,3,0.75,3,0.5,3,0.0,2
417,35,60,1,1,0.5,3,0.25,3,0.0,3
303,57,67,2,3,1.0,3,1.0,3,0.0,3
258,33,50,2,1,0.25,3,0.25,2,0.0,2
5,11,43,1,2,0.75,2,0.75,2,0.0,4
194,49,21,1,3,0.0,1,0.5,2,0.0,1
158,31,9,1,1,0.75,3,1.0,3,1.0,4
154,55,29,1,1,1.0,3,0.75,3,1.0,4
338,23,62,2,3,0.0,2,1.0,2,0.0,1
281,48,30,1,1,1.0,3,1.0,5,1.0,5
269,56,18,1,1,0.75,3,0.75,2,0.0,5
253,35,60,2,1,0.5,3,0.0,2,0.0,2
92,59,69,2,3,0.5,2,0.75,2,0.0,4
40,32,16,1,3,1.0,2,1.0,3,0.0,3
372,48,30,2,1,1.0,3,0.5,3,0.0,5
111,31,9,2,3,1.0,3,1.0,3,0.0,5
376,64,32,2,1,0.75,3,0.5,3,0.0,4
186,21,10,1,3,1.0,2,0.5,5,1.0,4
448,65,70,1,1,0.5,3,0.5,3,0.0,4
254,65,70,1,1,0.25,3,0.25,2,0.0,1
163,55,29,1,3,0.75,3,0.75,2,0.0,4
161,13,34,2,2,1.0,3,1.0,3,0.0,5
272,22,33,1,3,1.0,3,0.75,2,0.0,4
79,24,46,1,1,1.0,3,0.5,2,0.0,5
4,27,49,1,1,0.25,3,0.25,3,1.0,2
110,38,57,1,1,0.0,3,0.0,2,0.0,2
310,31,9,1,1,0.75,3,0.75,2,0.0,4
139,46,35,2,3,0.75,2,0.75,3,0.0,3
76,24,46,2,1,1.0,3,0.75,2,0.0,4
420,55,29,1,1,1.0,3,1.0,3,0.0,5
229,47,8,1,1,1.0,3,0.75,3,0.0,3
423,7,24,1,2,1.0,3,0.75,3,1.0,4
121,10,31,2,2,0.5,3,0.0,2,0.0,3
231,69,65,1,1,0.5,3,0.5,4,0.0,4
217,35,60,1,3,0.5,1,0.5,2,0.0,1
6,66,4,1,3,0.5,2,0.5,3,0.0,2
10,56,18,1,3,0.5,3,0.5,3,0.0,3
158,15,54,1,2,1.0,3,0.75,3,1.0,5
183,17,22,1,2,0.75,3,1.0,3,0.0,4
111,40,3,2,1,0.75,3,0.75,3,0.0,4
22,20,12,2,3,0.5,3,0.25,3,1.0,3
88,3,38,2,2,1.0,3,0.75,2,0.0,5
124,54,55,1,1,0.75,3,1.0,3,1.0,5
257,16,52,2,2,0.0,3,0.25,3,0.0,1
53,63,45,2,1,0.0,3,0.5,2,0.0,1
10,32,16,1,1,0.75,3,1.0,3,0.0,4
308,17,22,1,2,0.75,2,0.75,2,0.0,4
195,51,15,1,1,0.0,3,0.25,3,0.0,2
185,12,56,1,2,0.75,2,1.0,2,0.0,5
85,30,20,1,1,0.25,3,0.25,2,0.0,2
292,43,28,1,3,0.75,3,1.0,3,0.0,4
343,32,16,2,1,0.75,3,1.0,1,1.0,5
315,5,5,1,2,0.0,3,0.25,3,0.0,1
257,65,70,1,1,1.0,3,0.5,3,0.0,5
21,38,57,2,1,0.75,3,0.75,3,0.0,4
317,30,20,1,1,0.0,3,0.5,5,1.0,3
88,5,5,2,2,1.0,3,0.75,2,0.0,5
143,41,7,1,3,1.0,3,0.75,3,1.0,5
54,63,45,1,1,0.0,3,0.0,3,0.0,1
136,1,48,1,2,0.25,3,0.0,2,0.0,1
213,48,30,2,1,0.5,3,0.25,3,1.0,1
0,59,69,1,3,0.75,3,0.75,2,0.0,4
121,9,59,2,2,0.25,3,0.0,2,0.0,2
153,20,12,1,1,0.75,3,0.5,3,0.0,4
300,23,62,1,3,0.25,3,0.5,2,0.0,1
89,40,3,2,1,1.0,3,0.75,2,0.0,5
56,13,34,1,2,0.0,3,0.25,2,0.0,2
56,7,24,1,2,1.0,3,0.5,2,0.0,4
266,29,37,1,1,0.75,3,0.75,3,0.0,4
108,48,30,1,3,0.0,3,0.0,1,1.0,3
185,17,22,1,2,0.5,2,0.75,2,0.0,2
173,23,62,1,3,1.0,2,0.5,3,1.0,4
211,53,19,1,1,0.75,3,0.75,1,1.0,1
187,56,18,1,3,0.75,3,0.75,3,0.0,4
162,43,28,2,3,0.75,2,0.5,3,0.0,1
208,54,55,1,1,0.75,3,0.75,2,0.0,4
365,45,68,2,1,0.5,3,0.5,3,1.0,5
199,48,30,1,1,0.75,3,1.0,5,1.0,4
193,24,46,1,1,0.5,3,0.25,3,0.0,4
5,8,44,1,2,0.75,2,0.75,2,0.0,4
219,38,57,2,1,0.0,3,0.0,2,0.0,1
409,66,4,2,1,0.0,3,0.0,2,0.0,1
275,1,48,1,2,0.0,3,0.25,2,0.0,1
118,67,47,1,3,0.75,3,0.75,3,1.0,5
80,11,43,1,2,0.75,2,0.5,3,1.0,4
281,29,37,1,1,0.5,3,0.5,5,1.0,2
289,68,2,1,1,0.75,3,1.0,3,1.0,4
333,10,31,1,2,1.0,2,0.75,3,1.0,5
372,69,65,2,1,0.25,3,0.0,3,0.0,1
387,58,1,1,1,0.5,3,0.75,2,0.0,3
423,3,38,1,2,1.0,3,0.75,3,1.0,4
272,52,6,1,3,1.0,3,0.75,2,0.0,5
243,20,12,2,1,0.5,3,0.5,3,0.0,2
33,67,47,1,3,0.5,2,0.5,5,1.0,4
109,40,3,1,1,0.75,3,0.0,1,1.0,1
24,39,14,1,1,1.0,3,1.0,2,0.0,5
160,7,24,1,2,0.75,3,0.75,3,1.0,5
317,40,3,1,1,0.0,3,0.5,5,1.0,1
321,20,12,1,3,0.75,3,0.75,2,0.0,4
125,56,18,1,1,0.5,3,0.5,2,0.0,4
440,21,10,2,3,0.75,2,0.5,3,0.0,2
261,4,41,1,2,0.75,2,0.5,3,0.0,5
413,26,26,1,3,0.0,3,0.0,2,0.0,1
412,46,35,1,1,1.0,1,0.75,3,1.0,5
346,24,46,1,3,1.0,3,0.5,2,1.0,5
143,26,26,1,3,0.25,3,0.25,3,1.0,1
28,24,46,1,1,0.75,3,0.5,2,0.0,3
64,68,2,1,1,1.0,3,0.75,3,0.0,5
75,25,36,1,1,1.0,3,0.5,3,0.0,5
241,24,46,1,1,1.0,3,0.5,2,0.0,5
242,52,6,1,3,1.0,2,0.5,2,0.0,3
246,41,7,2,1,1.0,3,0.5,3,0.0,5
272,45,68,1,3,0.75,3,0.75,2,0.0,4
290,9,59,1,2,0.75,3,0.75,2,0.0,4
438,5,5,2,2,0.0,3,0.25,2,0.0,3
17,51,15,2,1,0.5,3,0.5,2,0.0,2
105,44,40,1,1,0.5,3,0.25,3,0.0,2
441,28,39,1,1,0.0,3,0.0,1,1.0,1
176,55,29,1,1,0.75,3,0.25,3,0.0,4
74,20,12,1,3,0.25,3,0.5,2,0.0,2
65,39,14,1,1,0.25,3,0.25,3,0.0,2
32,52,6,2,3,0.25,2,0.25,2,0.0,2
420,31,9,1,1,1.0,3,0.75,3,0.0,5
24,20,12,1,1,1.0,3,0.75,2,0.0,5
137,24,46,2,1,0.0,3,0.0,5,1.0,1
88,10,31,2,2,1.0,3,0.75,2,0.0,4
411,48,30,1,1,0.75,3,1.0,1,0.0,4
315,25,36,1,1,0.25,3,0.25,3,0.0,1
241,20,12,1,1,1.0,3,0.5,2,0.0,5
305,62,63,2,1,1.0,3,0.5,3,1.0,3
420,39,14,1,1,0.75,3,1.0,3,0.0,5
262,27,49,1,1,1.0,3,1.0,2,1.0,5
319,32,16,1,1,0.75,1,0.75,2,0.0,2
246,24,46,2,1,1.0,3,0.5,3,0.0,5
452,60,66,1,3,0.25,3,0.25,2,0.0,2
158,48,30,1,1,1.0,3,1.0,3,1.0,5
394,39,14,1,1,0.75,3,0.75,4,0.0,4
319,29,37,1,1,0.75,1,1.0,2,0.0,2
32,23,62,2,3,0.5,2,0.25,2,0.0,1
131,22,33,2,3,0.5,3,0.25,2,0.0,3
232,48,30,1,1,0.75,3,0.5,3,0.0,4
324,35,60,1,3,0.75,3,0.5,2,0.0,5
263,25,36,2,3,0.25,2,0.75,3,0.0,5
47,31,9,2,1,1.0,3,0.75,3,0.0,5
126,22,33,1,1,0.75,3,0.75,3,0.0,4
37,30,20,1,1,0.5,3,0.5,3,0.0,4
63,58,1,2,3,1.0,3,0.75,2,0.0,4
152,0,17,1,2,0.25,2,0.75,3,0.0,2
118,37,27,1,3,0.75,3,0.75,3,1.0,4
184,48,30,1,1,1.0,3,1.0,3,0.0,4
323,0,17,2,2,0.75,3,0.5,3,0.0,5
162,53,19,2,3,0.75,2,0.5,3,0.0,4
258,40,3,1,3,0.75,3,0.75,2,0.0,4
303,18,53,1,2,0.25,3,0.25,3,0.0,2
328,23,62,1,3,0.25,3,0.25,2,0.0,1
24,69,65,1,1,1.0,3,0.75,2,0.0,5
318,21,10,1,3,0.25,3,0.5,3,0.0,1
278,46,35,2,3,0.75,2,0.0,2,0.0,5
154,3,38,1,2,0.25,3,0.25,3,1.0,1
43,39,14,1,1,0.75,3,0.5,2,0.0,3
155,7,24,1,2,1.0,3,0.75,3,1.0,5
147,28,39,2,3,0.5,3,0.5,3,0.0,3
192,61,25,1,1,1.0,3,1.0,3,0.0,5
114,29,37,2,3,0.5,3,0.75,5,1.0,5
40,46,35,1,3,1.0,2,1.0,3,0.0,5
280,46,35,2,1,0.75,3,0.25,2,0.0,4
118,39,14,1,3,0.0,3,0.0,3,1.0,3
74,48,30,1,1,0.5,3,1.0,2,0.0,3
368,48,30,1,1,0.75,3,0.75,2,0.0,4
52,26,26,1,1,0.0,3,0.5,3,0.0,1
167,57,67,1,1,0.75,3,0.75,2,0.0,5
435,22,33,2,3,0.5,3,0.5,2,0.0,4
403,23,62,2,1,0.0,3,0.5,2,0.0,1
367,3,38,1,2,0.5,3,0.5,3,0.0,3
195,8,44,2,2,1.0,3,0.75,3,0.0,4
244,36,64,1,3,0.5,3,0.5,1,0.0,4
76,37,27,2,3,0.0,3,0.25,2,0.0,1
293,44,40,2,1,0.75,3,0.5,3,0.0,4
427,56,18,1,1,0.5,3,0.5,5,0.0,4
28,17,22,1,2,0.25,3,0.25,2,0.0,2
391,39,14,2,3,1.0,2,1.0,3,0.0,5
209,17,22,1,2,1.0,2,0.75,3,1.0,5
368,32,16,1,1,0.5,3,0.75,2,0.0,2
123,68,2,1,3,0.75,1,0.5,2,0.0,5
41,48,30,1,1,1.0,3,0.5,3,0.0,5
300,34,42,1,3,1.0,3,0.75,2,0.0,4
265,34,42,1,1,0.0,3,0.5,3,0.0,1
63,39,14,2,3,0.5,3,0.75,2,0.0,5
373,25,36,1,1,1.0,3,1.0,3,1.0,5
374,36,64,2,3,0.75,3,0.5,3,0.0,4
257,12,56,2,2,0.25,3,0.0,3,0.0,1
93,43,28,1,1,0.75,3,0.5,3,1.0,3
264,37,27,2,3,0.5,3,0.5,3,0.0,4
303,3,38,1,2,0.75,3,0.75,3,0.0,4
34,43,28,2,3,0.25,3,0.0,3,0.0,2
1,59,69,1,3,0.75,3,0.5,2,0.0,5
68,31,9,1,1,0.5,3,0.5,2,0.0,2
292,51,15,1,3,0.5,3,0.25,3,0.0,3
241,34,42,1,3,0.25,3,0.25,2,0.0,2
111,45,68,2,1,1.0,3,1.0,3,0.0,5
33,23,62,1,3,0.5,2,0.5,5,1.0,2
215,20,12,1,1,0.75,1,0.25,2,0.0,4
441,51,15,1,1,0.25,3,0.0,1,1.0,1
423,0,17,1,2,1.0,3,0.75,3,1.0,4
276,26,26,1,3,0.25,2,0.5,2,0.0,5
115,21,10,1,1,0.0,3,0.25,1,1.0,1
101,18,53,1,2,0.5,2,0.5,3,1.0,2
126,39,14,1,1,0.75,3,1.0,3,0.0,4
249,21,10,1,1,1.0,3,1.0,2,0.0,5
137,47,8,2,1,0.75,3,0.75,5,1.0,4
244,39,14,1,3,0.5,3,0.5,1,0.0,4
439,43,28,1,1,1.0,3,0.5,3,0.0,5
201,49,21,1,1,1.0,3,0.5,1,1.0,5
136,45,68,1,1,0.25,3,0.25,2,0.0,2
365,52,6,2,1,0.0,3,0.0,3,1.0,1
336,66,4,2,3,0.75,2,0.25,2,0.0,3
211,58,1,1,1,0.75,3,0.5,1,1.0,2
296,8,44,1,2,1.0,3,1.0,3,1.0,5
180,20,12,1,1,0.25,3,0.5,3,0.0,3
233,27,49,2,1,0.75,3,1.0,3,0.0,4
308,14,58,1,2,0.75,2,0.75,2,0.0,4
330,64,32,1,1,1.0,3,0.75,2,0.0,5
378,21,10,2,1,0.75,3,0.5,3,0.0,4
269,69,65,1,1,0.5,3,1.0,2,0.0,2
445,7,24,2,2,0.25,3,0.25,5,1.0,2
76,50,61,2,3,0.0,3,0.0,2,0.0,2
188,23,62,1,3,0.5,1,0.75,5,1.0,1
295,29,37,1,3,1.0,3,1.0,3,0.0,5
34,68,2,2,3,1.0,3,0.75,3,0.0,4
24,1,48,1,2,0.5,3,0.5,2,0.0,2
257,28,39,1,1,0.25,3,0.0,3,0.0,2
14,20,12,2,1,0.25,3,0.25,3,0.0,3
415,22,33,1,1,0.25,3,0.25,2,0.0,1
184,40,3,1,1,0.75,3,0.75,3,0.0,5
124,41,7,1,3,1.0,3,1.0,3,1.0,3
331,19,51,2,2,0.75,3,0.75,2,0.0,4
182,38,57,2,3,0.0,2,0.0,5,0.0,1
433,20,12,1,1,1.0,3,0.5,3,0.0,5
24,7,24,1,2,1.0,3,0.75,2,0.0,5
204,34,42,1,1,1.0,3,0.5,1,0.0,5
274,35,60,2,3,0.5,3,0.5,2,0.0,4
278,52,6,2,3,0.25,2,0.5,2,0.0,3
142,25,36,1,1,0.0,3,0.25,3,0.0,1
201,45,68,1,1,1.0,3,0.5,1,1.0,5
267,58,1,1,3,0.25,1,0.25,2,0.0,2
376,24,46,2,1,1.0,3,0.25,3,0.0,5
100,5,5,2,2,0.75,3,1.0,3,0.0,4
228,39,14,2,3,1.0,3,0.75,5,1.0,5
58,28,39,1,1,0.75,3,0.25,3,0.0,2
441,31,9,1,1,0.0,3,0.0,1,1.0,1
87,20,12,2,1,0.75,3,0.5,3,0.0,5
366,68,2,1,3,1.0,3,0.75,2,0.0,5
195,1,48,2,2,0.25,3,0.25,3,0.0,3
140,1,48,1,2,0.5,2,0.25,2,0.0,4
102,68,2,1,3,0.5,3,0.75,3,0.0,3
348,3,38,1,2,0.5,2,0.5,2,0.0,4
383,46,35,1,3,0.25,3,0.75,3,0.0,2
93,15,54,1,2,0.25,3,0.25,3,1.0,1
420,65,70,1,3,0.5,3,0.25,3,0.0,2
436,40,3,1,1,0.75,3,0.75,3,0.0,4
443,24,46,1,3,0.5,1,0.5,2,0.0,5
22,8,44,1,2,0.75,3,1.0,3,1.0,5
239,69,65,1,1,0.25,3,1.0,2,0.0,2
385,25,36,2,1,0.75,3,0.75,2,0.0,4
424,36,64,2,3,0.75,3,0.75,3,0.0,4
63,32,16,2,1,0.75,3,0.75,2,0.0,5
213,68,2,2,1,0.75,3,0.5,3,1.0,4
422,56,18,2,3,0.5,3,1.0,3,0.0,3
237,54,55,1,1,0.5,3,0.5,3,0.0,2
383,53,19,1,3,0.75,3,0.5,3,0.0,1
170,15,54,1,2,0.75,3,0.75,3,0.0,4
93,60,66,2,3,0.5,3,0.0,3,1.0,1
286,48,30,1,1,1.0,3,0.5,3,0.0,4
264,29,37,2,3,0.5,3,0.75,3,0.0,5
400,61,25,1,3,0.75,1,1.0,3,1.0,4
143,22,33,1,3,1.0,3,0.75,3,1.0,5
94,25,36,1,1,0.5,3,0.5,3,0.0,5
71,29,37,1,3,0.75,3,0.75,3,0.0,4
61,31,9,1,1,0.5,3,0.25,2,0.0,3
6,36,64,1,3,0.5,2,0.5,3,0.0,4
235,59,69,1,1,0.75,1,0.5,2,0.0,4
234,52,6,1,1,0.75,3,0.5,3,0.0,2
350,48,30,1,1,0.5,3,0.5,3,0.0,3
303,1,48,1,2,0.25,3,0.25,3,0.0,2
97,8,44,1,2,1.0,3,0.75,2,0.0,5
124,31,9,1,1,0.75,3,1.0,3,1.0,4
380,20,12,1,1,1.0,3,0.5,3,0.0,5
22,63,45,2,3,0.0,3,0.75,3,1.0,1
300,69,65,1,3,0.25,3,0.25,2,0.0,1
215,39,14,1,1,0.75,1,0.75,2,0.0,4
99,3,38,1,2,1.0,3,1.0,3,0.0,5
413,20,12,1,3,1.0,3,0.75,2,0.0,5
377,29,37,1,3,0.5,3,0.5,2,1.0,2
296,35,60,1,3,0.25,3,0.75,3,1.0,1
394,64,32,1,1,0.5,3,0.5,4,0.0,2
422,32,16,2,3,0.75,3,0.5,3,0.0,3
369,15,54,1,2,0.5,2,0.25,2,0.0,2
293,39,14,2,1,0.75,3,0.5,3,0.0,4
409,38,57,2,1,0.0,3,0.0,2,0.0,1
196,63,45,2,3,0.25,2,0.25,3,0.0,2
342,10,31,1,2,0.75,3,0.75,2,0.0,4
414,39,14,2,1,1.0,3,0.5,2,0.0,5
234,50,61,1,1,0.75,3,0.5,3,0.0,2
310,20,12,2,3,0.75,3,0.75,2,0.0,5
337,20,12,1,1,1.0,1,0.75,3,0.0,5
192,24,46,1,1,1.0,3,1.0,3,0.0,5
375,48,30,2,1,1.0,3,0.75,2,0.0,4
28,57,67,1,1,0.75,3,0.75,2,0.0,4
447,26,26,1,1,0.5,3,0.5,2,0.0,4
177,42,13,2,3,0.0,2,0.5,3,1.0,1
19,9,59,1,2,0.25,2,0.5,3,0.0,2
101,12,56,1,2,0.0,2,0.0,3,1.0,1
190,17,22,2,2,0.5,3,0.25,3,0.0,2
29,24,46,2,1,0.75,3,0.75,2,0.0,4
239,56,18,1,1,0.5,3,0.75,2,0.0,5
158,43,28,1,1,1.0,3,1.0,3,1.0,5
89,67,47,2,1,0.5,3,0.5,2,0.0,3
1,61,25,1,3,0.75,3,0.75,2,0.0,5
424,37,27,2,3,0.25,3,0.5,3,0.0,2
380,31,9,1,1,0.5,3,0.5,3,0.0,5
13,25,36,1,3,0.0,2,0.0,5,0.0,1
246,33,50,2,1,0.75,3,0.5,3,0.0,3
297,24,46,2,1,0.75,3,0.5,2,0.0,5
62,43,28,1,3,0.5,3,0.75,3,1.0,4
176,27,49,1,1,0.5,3,0.5,3,0.0,5
184,38,57,1,1,1.0,3,1.0,3,0.0,5
232,42,13,1,1,0.75,3,0.5,3,0.0,5
138,12,56,2,2,0.75,3,0.75,2,0.0,4
298,16,52,1,2,1.0,2,0.25,2,0.0,5
340,1,48,1,2,1.0,2,1.0,2,0.0,5
163,25,36,1,3,0.75,3,1.0,2,0.0,5
342,24,46,1,1,0.75,3,0.75,2,0.0,4
421,24,46,2,3,0.5,3,0.75,2,0.0,4
79,62,63,1,3,1.0,3,0.75,2,0.0,5
383,25,36,1,1,0.75,3,0.75,3,0.0,5
174,68,2,1,3,0.5,2,0.5,2,0.0,5
191,24,46,2,1,0.5,3,0.5,2,0.0,2
302,61,25,2,1,1.0,3,0.5,3,0.0,5
422,10,31,1,2,0.5,3,0.25,3,0.0,1
38,10,31,2,2,0.25,3,0.5,2,0.0,3
24,54,55,1,1,0.75,3,0.75,2,0.0,5
236,10,31,1,2,0.5,2,0.75,2,0.0,5
194,47,8,1,3,1.0,1,0.5,2,0.0,5
117,66,4,1,3,0.75,2,0.75,3,0.0,4
179,62,63,2,3,0.75,2,0.75,3,0.0,5
343,64,32,2,1,1.0,3,1.0,1,1.0,5
124,56,18,1,1,0.5,3,0.5,3,1.0,4
102,69,65,1,3,0.5,3,1.0,3,0.0,3
103,34,42,2,1,0.25,3,0.0,3,1.0,2
221,59,69,1,1,1.0,3,0.25,2,0.0,5
171,13,34,1,2,0.5,3,0.25,2,0.0,2
27,29,37,1,1,0.0,3,0.5,3,0.0,1
400,41,7,1,3,1.0,1,1.0,3,1.0,5
86,64,32,1,1,1.0,3,0.5,3,0.0,4
37,61,25,1,1,1.0,3,0.5,3,0.0,5
126,31,9,1,1,1.0,3,0.5,3,0.0,4
286,37,27,1,1,0.75,3,0.75,3,0.0,5
17,43,28,2,1,0.25,3,0.5,2,0.0,2
194,56,18,1,3,1.0,1,0.5,2,0.0,5
443,63,45,1,3,0.5,1,0.5,2,0.0,2
111,37,27,2,3,1.0,3,0.75,3,0.0,5
416,69,65,1,1,0.0,3,0.5,2,0.0,1
244,20,12,1,1,1.0,3,0.75,1,0.0,4
390,21,10,1,1,0.0,3,0.25,3,0.0,2
176,65,70,1,1,0.75,3,0.25,3,0.0,5
265,21,10,1,3,0.25,3,0.0,3,0.0,1
90,55,29,1,3,1.0,3,1.0,3,0.0,5
137,65,70,2,3,1.0,3,0.75,5,1.0,5
222,30,20,1,1,0.25,3,0.75,3,0.0,2
57,0,17,2,2,0.75,3,1.0,2,0.0,4
57,9,59,2,2,0.75,3,0.75,2,0.0,4
438,8,44,2,2,0.75,3,1.0,2,0.0,5
380,61,25,1,1,0.25,3,0.5,3,0.0,5
300,31,9,2,1,1.0,3,0.25,2,0.0,1
190,8,44,2,2,0.75,3,0.75,3,0.0,5
140,15,54,1,2,0.5,2,0.25,2,0.0,2
111,21,10,2,1,0.75,3,0.75,3,0.0,5
330,48,30,1,1,1.0,3,1.0,2,0.0,5
80,4,41,1,2,0.25,2,0.5,3,1.0,2
34,69,65,2,3,1.0,3,0.5,3,0.0,4
218,26,26,1,3,0.25,3,0.25,3,1.0,2
294,35,60,2,3,0.0,2,0.5,2,0.0,1
123,67,47,1,3,0.5,1,0.75,2,0.0,4
77,24,46,1,1,0.75,3,0.75,2,0.0,4
296,54,55,1,1,1.0,3,0.5,3,1.0,4
435,62,63,2,3,0.75,3,0.5,2,0.0,3
17,69,65,2,1,0.75,3,0.75,2,0.0,4
127,60,66,1,3,0.0,1,0.0,2,0.0,2
48,25,36,2,1,0.25,3,0.25,3,0.0,2
390,27,49,2,3,0.5,3,0.5,3,0.0,2
59,28,39,2,3,0.5,3,0.5,3,0.0,2
217,24,46,1,3,0.25,1,0.5,2,0.0,2
374,34,42,2,3,0.0,3,0.25,3,0.0,1
218,28,39,1,3,0.75,3,0.5,3,1.0,5
422,48,30,2,3,0.75,3,0.75,3,0.0,4
378,62,63,2,1,0.75,3,0.75,3,0.0,3
309,24,46,1,1,0.75,3,0.75,3,0.0,5
301,55,29,2,1,0.75,3,1.0,3,0.0,5
130,36,64,2,3,1.0,2,1.0,3,0.0,5
52,41,7,1,1,0.0,3,0.5,3,0.0,1
378,40,3,2,1,0.75,3,0.5,3,0.0,4
332,35,60,1,1,1.0,3,0.75,2,0.0,5
393,8,44,1,2,1.0,3,0.75,2,0.0,5
182,47,8,2,3,0.0,2,0.5,5,0.0,1
304,21,10,2,1,0.5,3,0.0,3,0.0,2
305,26,26,1,3,0.25,3,0.5,3,1.0,2
120,30,20,2,3,1.0,2,1.0,3,0.0,5
98,64,32,1,1,1.0,3,0.5,3,0.0,5
16,26,26,2,3,0.75,3,1.0,2,0.0,4
158,10,31,1,2,0.25,3,0.5,3,1.0,2
210,25,36,2,3,0.0,2,0.25,3,0.0,3
176,20,12,1,1,0.75,3,0.75,3,0.0,4
104,50,61,2,3,0.5,2,0.5,3,1.0,2
60,27,49,1,3,0.75,1,1.0,5,1.0,5
249,57,67,1,1,1.0,3,1.0,2,0.0,5
79,24,46,1,3,0.75,3,0.75,2,0.0,2
406,48,30,1,1,0.75,3,0.5,2,0.0,4
213,53,19,2,1,0.75,3,0.75,3,1.0,4
263,33,50,2,3,1.0,2,1.0,3,0.0,2
387,21,10,1,1,0.5,3,0.5,2,0.0,4
172,25,36,2,3,0.75,1,0.75,3,1.0,4
34,43,28,2,1,0.25,3,0.0,3,0.0,2
7,27,49,1,1,1.0,3,1.0,3,0.0,5
425,62,63,1,3,0.0,3,0.25,3,0.0,2
22,18,53,1,2,0.0,3,0.0,3,1.0,1
214,63,45,1,3,0.75,3,0.5,2,0.0,4
43,36,64,1,1,0.25,3,0.5,2,0.0,1
222,39,14,1,1,0.75,3,1.0,3,0.0,5
123,48,30,1,3,0.25,1,0.75,2,0.0,4
350,57,67,1,1,0.25,3,0.25,3,0.0,2
375,31,9,2,1,0.75,3,0.5,2,0.0,4
179,56,18,2,3,0.75,2,0.5,3,0.0,5
269,46,35,1,1,1.0,3,0.75,2,0.0,4
235,42,13,1,1,0.75,1,0.5,2,0.0,5
257,4,41,2,2,0.5,3,0.5,3,0.0,3
130,39,14,2,3,1.0,2,1.0,3,0.0,5
274,68,2,2,3,0.25,3,0.25,2,0.0,4
392,48,30,1,1,1.0,3,1.0,3,0.0,5
181,34,42,1,1,0.25,3,0.0,3,0.0,2
157,35,60,1,3,0.5,2,0.5,2,0.0,3
98,21,10,1,1,0.0,3,0.5,3,0.0,1
40,21,10,1,3,1.0,2,1.0,3,0.0,3
432,39,14,2,3,1.0,3,0.75,3,0.0,5
345,26,26,2,1,1.0,3,1.0,2,0.0,4
28,45,68,1,1,0.25,3,0.25,2,0.0,2
423,30,20,1,1,0.25,3,0.5,3,1.0,2
348,19,51,1,2,0.25,2,0.25,2,0.0,1
102,22,33,1,3,0.25,3,0.0,3,0.0,3
70,33,50,1,3,0.25,3,0.25,2,0.0,2
59,39,14,2,3,0.5,3,0.5,3,0.0,2
418,28,39,1,3,0.0,3,0.25,3,0.0,2
115,35,60,1,1,0.0,3,0.0,1,1.0,1
145,39,14,1,3,0.75,3,0.5,2,0.0,4
365,68,2,2,1,1.0,3,1.0,3,1.0,5
371,24,46,1,1,0.75,3,0.5,3,0.0,5
290,16,52,1,2,0.5,3,0.25,2,0.0,2
215,21,10,2,3,0.25,2,0.5,2,0.0,1
423,57,67,1,1,0.75,3,0.75,3,1.0,5
145,29,37,1,3,1.0,3,0.5,2,0.0,5
89,68,2,2,1,1.0,3,0.5,2,0.0,4
191,36,64,2,1,0.25,3,0.25,2,0.0,4
342,17,22,1,2,0.75,3,1.0,2,0.0,4
385,69,65,2,1,0.25,3,0.5,2,0.0,2
79,34,42,1,3,0.75,3,0.75,2,0.0,2
70,32,16,1,3,0.75,3,0.75,2,0.0,4
310,26,26,1,1,0.25,3,0.25,2,0.0,2
99,26,26,1,1,0.0,3,0.0,3,0.0,1
147,26,26,2,1,1.0,3,1.0,3,0.0,5
374,36,64,2,1,0.75,3,0.5,3,0.0,4
277,34,42,2,3,0.75,2,0.5,3,1.0,5
91,37,27,1,1,0.5,3,0.75,2,0.0,2
310,24,46,1,1,0.75,3,0.75,2,0.0,4
102,27,49,1,3,1.0,3,0.5,3,0.0,4
409,23,62,2,1,0.0,3,0.0,2,0.0,1
292,55,29,1,3,0.0,3,0.0,3,0.0,1
441,44,40,1,1,0.0,3,0.0,1,1.0,1
261,11,43,1,2,0.25,2,0.25,3,0.0,1
213,57,67,2,3,0.5,3,0.25,3,1.0,1
265,22,33,1,3,0.5,3,0.0,3,0.0,1
318,20,12,1,1,0.75,3,0.75,3,0.0,5
139,67,47,2,3,1.0,2,0.75,3,0.0,2
328,21,10,1,3,0.25,3,0.25,2,0.0,2
373,34,42,1,1,1.0,3,1.0,3,1.0,4
156,62,63,2,1,1.0,3,1.0,2,0.0,2
184,24,46,1,1,1.0,3,0.75,3,0.0,5
204,26,26,1,1,0.25,3,0.25,1,0.0,2
379,24,46,2,1,0.25,3,0.25,3,0.0,2
7,39,14,1,1,0.75,3,0.75,3,0.0,5
222,62,63,1,3,1.0,3,0.75,3,0.0,4
193,20,12,1,1,0.75,3,0.5,3,0.0,4
176,40,3,1,1,0.25,3,0.75,3,0.0,2
154,45,68,1,1,0.75,3,1.0,3,1.0,5
86,23,62,1,3,0.25,3,0.5,3,0.0,2
206,44,40,1,1,0.0,3,0.25,3,0.0,1
91,27,49,1,1,0.75,3,0.5,2,0.0,4
155,63,45,2,3,0.5,3,0.75,3,1.0,3
60,29,37,1,3,0.5,1,0.5,5,1.0,3
304,29,37,2,1,1.0,3,0.75,3,0.0,5
283,34,42,1,1,0.5,3,0.75,2,0.0,5
124,29,37,1,1,1.0,3,1.0,3,1.0,5
16,26,26,2,1,0.75,3,1.0,2,0.0,4
9,0,17,1,2,0.25,2,0.0,3,0.0,3
443,25,36,1,3,1.0,1,0.75,2,0.0,5
248,0,17,1,2,0.75,3,0.5,2,0.0,4
76,67,47,2,3,0.0,3,0.0,2,0.0,1
368,30,20,1,1,0.5,3,0.5,2,0.0,2
124,52,6,1,1,0.0,3,0.5,3,1.0,2
244,67,47,1,1,0.0,3,0.0,1,0.0,1
377,48,30,1,3,1.0,3,0.75,2,1.0,5
374,35,60,2,1,0.0,3,0.25,3,0.0,2
190,0,17,2,2,0.75,3,0.75,3,0.0,4
136,33,50,1,3,0.25,3,0.5,2,0.0,2
84,20,12,1,1,0.75,3,0.25,3,0.0,4
409,57,67,2,1,1.0,3,1.0,2,0.0,5
53,20,12,2,1,0.25,3,0.5,2,0.0,1
204,39,14,1,1,1.0,3,0.5,1,0.0,5
28,31,9,1,1,1.0,3,0.75,2,0.0,5
262,20,12,1,1,0.75,3,0.75,2,1.0,5
437,44,40,1,3,0.0,2,0.25,2,0.0,1
40,23,62,1,3,1.0,2,1.0,3,0.0,3
422,39,14,2,3,0.75,3,0.75,3,0.0,2
355,47,8,2,3,0.25,3,0.75,2,0.0,1
257,22,33,1,1,1.0,3,0.75,3,0.0,5
343,30,20,2,1,1.0,3,1.0,1,1.0,5
150,56,18,1,3,1.0,2,0.75,3,0.0,5
342,29,37,1,1,1.0,3,0.5,2,0.0,5
373,55,29,1,1,1.0,3,0.75,3,1.0,5
63,68,2,2,1,0.25,3,0.25,2,0.0,2
367,10,31,1,2,0.5,3,0.5,3,0.0,3
240,36,64,1,1,0.75,3,0.75,1,1.0,4
342,45,68,1,1,0.5,3,0.25,2,0.0,2
41,58,1,1,1,0.75,3,0.5,3,0.0,4
441,26,26,1,1,0.0,3,0.0,1,1.0,1
404,35,60,1,1,0.5,3,0.25,2,0.0,2
450,59,69,1,1,1.0,3,1.0,2,0.0,5
448,51,15,1,1,0.25,3,0.25,3,0.0,2
185,1,48,1,2,0.75,2,0.5,2,0.0,4
124,44,40,1,1,0.25,3,0.5,3,1.0,1
266,21,10,1,1,0.5,3,0.5,3,0.0,2
300,66,4,1,3,0.0,3,0.5,2,0.0,3
146,39,14,1,3,0.75,3,0.75,2,0.0,3
121,19,51,2,2,0.5,3,0.0,2,0.0,3
338,29,37,2,3,1.0,2,0.5,2,0.0,5
172,37,27,1,3,1.0,2,0.5,3,1.0,5
349,47,8,1,1,0.75,3,0.5,3,1.0,4
277,51,15,2,3,0.0,2,0.0,3,1.0,1
184,25,36,1,1,0.25,3,0.75,3,0.0,2
55,57,67,2,1,0.75,3,0.75,2,0.0,4
28,18,53,1,2,0.5,3,0.0,2,0.0,2
403,28,39,2,1,0.0,3,0.25,2,0.0,1
296,62,63,1,3,1.0,3,0.5,3,1.0,5
299,31,9,1,1,0.5,3,0.75,2,1.0,5
244,38,57,1,3,0.75,3,0.75,1,0.0,5
291,68,2,2,1,0.25,3,0.5,2,0.0,3
180,61,25,1,1,0.75,3,0.75,3,0.0,4
160,26,26,1,1,0.0,3,0.25,3,1.0,1
134,9,59,1,2,0.25,2,0.5,3,0.0,1
59,0,17,1,2,0.5,3,0.75,3,0.0,4
65,45,68,1,1,1.0,3,0.5,3,0.0,4
316,48,30,2,3,0.75,3,0.75,3,0.0,4
83,62,63,1,1,0.5,3,0.5,5,1.0,2
125,29,37,1,1,0.75,3,0.75,2,0.0,4
362,30,20,2,3,1.0,3,0.75,3,0.0,4
10,38,57,1,1,0.75,3,0.0,3,0.0,3
222,28,39,1,3,0.25,3,0.25,3,0.0,1
117,26,26,1,3,0.25,2,0.25,3,0.0,1
241,21,10,1,3,0.0,3,0.0,2,0.0,1
251,27,49,2,3,0.75,2,0.5,2,0.0,3
283,11,43,1,2,0.75,3,0.75,2,0.0,5
176,22,33,1,3,1.0,3,0.5,3,0.0,5
283,20,12,1,1,0.25,3,0.25,2,0.0,1
147,37,27,2,3,0.5,3,0.5,3,0.0,3
422,2,23,1,2,0.75,3,1.0,3,0.0,5
184,29,37,1,1,0.5,3,0.25,3,0.0,1
368,33,50,1,1,0.5,3,0.5,2,0.0,2
301,68,2,2,1,1.0,3,0.75,3,0.0,5
185,7,24,1,2,0.75,2,0.75,2,0.0,5
317,24,46,1,1,0.0,3,0.5,5,1.0,1
363,69,65,1,1,0.25,3,0.5,2,0.0,1
418,34,42,1,3,0.25,3,0.25,3,0.0,1
442,24,46,1,1,1.0,3,0.5,3,0.0,5
66,7,24,1,2,0.5,2,0.5,2,0.0,4
234,29,37,1,1,0.5,3,0.5,3,0.0,2
101,14,58,1,2,0.75,2,0.75,3,1.0,4
396,66,4,1,3,0.0,3,0.25,3,0.0,1
140,4,41,1,2,0.0,2,0.0,2,0.0,1
169,11,43,1,2,1.0,3,0.75,2,0.0,5
393,5,5,1,2,0.75,3,0.75,2,0.0,4
199,30,20,1,1,0.75,3,0.5,5,1.0,2
264,54,55,2,3,0.5,3,0.5,3,0.0,2
278,63,45,2,3,0.5,2,0.0,2,0.0,1
70,20,12,1,3,0.75,3,0.5,2,0.0,3
427,39,14,1,1,0.5,3,0.5,5,0.0,4
246,54,55,2,1,0.5,3,0.75,3,0.0,4
356,25,36,1,1,1.0,3,0.75,3,0.0,5
223,60,66,2,1,0.75,3,0.75,2,0.0,4
129,27,49,1,3,0.75,2,0.5,5,1.0,3
1,42,13,2,1,1.0,3,0.5,2,0.0,2
443,30,20,1,3,1.0,1,0.75,2,0.0,5
336,29,37,2,3,1.0,2,0.25,2,0.0,5
179,68,2,2,3,1.0,2,0.75,3,0.0,5
389,29,37,2,1,1.0,3,0.5,2,0.0,5
315,4,41,1,2,0.25,3,0.5,3,0.0,1
294,29,37,2,3,1.0,2,0.5,2,0.0,5
265,63,45,1,1,0.0,3,0.25,3,0.0,1
170,17,22,1,2,0.0,3,0.0,3,0.0,1
141,22,33,1,3,0.25,3,0.5,3,0.0,2
420,36,64,1,1,0.0,3,0.0,3,0.0,1
170,5,5,1,2,0.0,3,0.0,3,0.0,1
115,22,33,1,1,1.0,3,0.75,1,1.0,4
417,41,7,1,3,0.75,3,0.5,3,0.0,4
175,63,45,1,3,0.5,3,0.5,3,0.0,3
209,0,17,1,2,0.5,2,0.5,3,1.0,2
396,46,35,1,1,0.75,3,0.5,3,0.0,4
93,20,12,2,3,1.0,3,1.0,3,1.0,5
145,33,50,1,3,0.75,3,0.5,2,0.0,4
52,54,55,1,1,1.0,3,0.5,3,0.0,5
404,29,37,1,1,0.5,3,0.5,2,0.0,4
61,35,60,1,1,0.75,3,0.5,2,0.0,4
248,55,29,1,1,0.75,3,0.75,2,0.0,4
106,8,44,1,2,0.75,2,0.75,2,0.0,4
318,40,3,1,3,0.75,3,0.25,3,0.0,4
316,29,37,2,1,0.25,3,0.5,3,0.0,3
403,27,49,1,3,1.0,3,0.75,2,0.0,5
357,48,30,1,1,0.75,3,0.75,2,0.0,5
32,69,65,2,3,0.25,2,0.25,2,0.0,2
118,49,21,1,3,0.25,3,0.0,3,1.0,2
282,22,33,2,1,0.0,3,0.0,2,0.0,2
365,61,25,2,1,0.0,3,0.0,3,1.0,1
272,39,14,2,1,1.0,3,0.5,2,0.0,5
158,59,69,1,1,0.5,3,0.5,3,1.0,3
74,52,6,1,1,0.0,3,0.5,2,0.0,1
399,29,37,1,1,1.0,3,1.0,3,0.0,5
210,59,69,2,3,0.75,2,0.5,3,0.0,4
376,41,7,2,1,1.0,3,0.25,3,0.0,5
245,23,62,1,3,0.25,3,0.5,5,0.0,2
347,17,22,2,2,0.25,3,0.0,4,0.0,3
8,2,23,1,2,0.75,2,0.5,2,0.0,5
55,30,20,2,1,0.0,3,0.0,2,0.0,1
40,60,66,1,3,1.0,2,1.0,3,0.0,5
75,22,33,1,3,0.5,3,1.0,3,0.0,3
12,69,65,1,1,0.75,3,0.75,3,0.0,5
306,19,51,1,2,0.5,2,0.25,2,0.0,2
210,22,33,2,3,0.0,2,0.25,3,0.0,3
145,36,64,1,3,0.75,3,0.75,2,0.0,4
62,67,47,2,1,1.0,3,0.75,3,1.0,3
291,33,50,2,1,0.5,3,0.5,2,0.0,4
213,39,14,2,1,1.0,3,0.5,3,1.0,5
412,31,9,1,1,1.0,1,0.75,3,1.0,5
375,69,65,2,3,0.5,3,0.5,2,0.0,3
19,8,44,1,2,1.0,2,0.75,3,0.0,4
407,20,12,1,1,0.75,3,0.75,3,0.0,5
140,6,11,1,2,0.25,2,0.25,2,0.0,2
422,38,57,1,1,1.0,3,0.75,3,0.0,5
159,3,38,1,2,0.75,3,0.5,3,0.0,5
299,68,2,1,1,0.5,3,0.5,2,1.0,4
374,35,60,2,3,0.0,3,0.25,3,0.0,2
246,21,10,2,1,0.5,3,0.5,3,0.0,3
129,20,12,1,3,0.75,2,0.5,5,1.0,4
34,29,37,2,3,0.0,3,0.0,3,0.0,2
430,29,37,2,1,0.5,1,0.5,2,0.0,4
200,21,10,1,1,0.0,3,0.0,3,0.0,1
229,28,39,1,1,1.0,3,1.0,3,0.0,5
333,1,48,1,2,0.5,2,0.0,3,1.0,1
235,29,37,1,1,1.0,1,0.75,2,0.0,4
273,28,39,2,3,0.25,2,0.25,3,0.0,1
68,37,27,1,1,0.5,3,0.25,2,0.0,2
137,31,9,2,3,0.75,3,0.75,5,1.0,4
154,17,22,1,2,0.0,3,0.0,3,1.0,2
136,59,69,1,1,0.5,3,0.5,2,0.0,3
142,64,32,1,1,0.75,3,0.5,3,0.0,4
368,20,12,1,1,0.75,3,0.5,2,0.0,5
260,36,64,2,1,0.5,3,0.5,2,0.0,4
216,52,6,1,1,0.5,3,0.5,2,0.0,2
236,13,34,1,2,0.75,2,0.5,2,0.0,5
304,38,57,2,1,0.5,3,0.5,3,0.0,4
147,22,33,2,1,0.5,3,0.5,3,0.0,3
397,56,18,2,3,0.75,2,0.25,2,0.0,4
143,62,63,1,3,0.5,3,0.75,3,1.0,3
136,0,17,1,2,1.0,3,0.75,2,0.0,4
202,21,10,2,3,0.25,2,0.25,3,0.0,1
79,58,1,1,3,0.75,3,0.75,2,0.0,3
66,9,59,1,2,0.25,2,0.25,2,0.0,1
442,54,55,1,1,0.5,3,0.75,3,0.0,2
429,29,37,2,3,0.5,2,0.5,3,0.0,5
228,34,42,2,3,0.0,3,0.0,5,1.0,2
330,60,66,1,1,0.25,3,0.0,2,0.0,2
192,22,33,1,1,0.25,3,0.25,3,0.0,3
133,26,26,1,1,0.75,3,0.5,2,0.0,4
349,61,25,1,1,0.5,3,0.5,3,1.0,2
274,61,25,2,3,0.75,3,0.25,2,0.0,5
27,52,6,1,1,0.25,3,0.25,3,0.0,2
116,42,13,1,1,0.5,3,0.5,2,0.0,3
55,57,67,2,3,0.75,3,0.75,2,0.0,4
111,48,30,2,3,1.0,3,0.75,3,0.0,5
395,23,62,1,3,0.5,3,0.5,2,0.0,2
315,32,16,1,1,1.0,3,1.0,3,0.0,5
84,29,37,1,1,1.0,3,0.5,3,0.0,5
24,29,37,1,1,1.0,3,1.0,2,0.0,5
58,48,30,1,1,0.5,3,0.75,3,0.0,4
296,35,60,1,1,0.0,3,0.0,3,1.0,1
101,17,22,1,2,0.75,2,1.0,3,1.0,5
215,20,12,2,3,0.75,2,0.5,2,0.0,5
47,48,30,2,3,1.0,3,1.0,3,0.0,5
285,21,10,1,1,0.25,3,0.5,2,0.0,1
315,37,27,1,1,0.25,3,0.5,3,0.0,1
61,63,45,1,1,0.75,3,0.5,2,0.0,4
392,17,22,2,2,1.0,3,1.0,3,0.0,5
55,62,63,2,1,0.75,3,0.5,2,0.0,4
28,20,12,1,3,0.5,3,0.5,2,0.0,4
7,25,36,1,1,1.0,3,0.75,3,0.0,5
445,1,48,2,2,0.0,3,0.0,5,1.0,1
330,45,68,1,1,0.75,3,0.75,2,0.0,4
104,62,63,1,1,1.0,1,0.5,3,1.0,5
342,6,11,1,2,0.75,3,1.0,2,0.0,4
438,3,38,2,2,0.75,3,0.75,2,0.0,5
274,27,49,2,3,0.5,3,0.75,2,0.0,2
25,41,7,2,1,0.5,3,0.75,2,0.0,2
67,56,18,1,1,0.25,3,0.5,2,0.0,1
315,13,34,1,2,0.75,3,1.0,3,0.0,5
134,1,48,1,2,0.75,2,0.5,3,0.0,4
355,65,70,2,3,0.25,3,1.0,2,0.0,1
57,8,44,2,2,0.25,3,0.25,2,0.0,2
89,34,42,2,1,0.75,3,0.5,2,0.0,3
124,26,26,1,1,0.75,3,0.75,3,1.0,2
47,48,30,2,1,1.0,3,1.0,3,0.0,5
176,50,61,1,1,0.75,3,0.75,3,0.0,5
367,12,56,1,2,0.75,3,0.75,3,0.0,4
395,37,27,1,3,0.5,3,0.5,2,0.0,5
160,34,42,1,3,0.25,3,0.25,3,1.0,2
200,17,22,2,2,0.25,3,0.0,3,0.0,2
4,39,14,1,1,0.25,3,0.5,3,1.0,3
59,27,49,2,3,1.0,3,0.75,3,0.0,5
176,25,36,1,1,0.75,3,0.75,3,0.0,2
265,67,47,1,1,0.25,3,0.5,3,0.0,2
127,29,37,1,3,0.25,1,0.25,2,0.0,2
202,36,64,2,3,0.75,2,0.5,3,0.0,5
425,53,19,1,3,0.25,3,0.25,3,0.0,2
408,20,12,2,1,0.5,3,0.5,2,0.0,5
83,67,47,1,1,0.5,3,0.5,5,1.0,2
278,43,28,2,3,0.75,2,0.0,2,0.0,5
322,34,42,1,1,0.25,3,0.0,3,0.0,1
62,25,36,2,1,0.75,3,0.75,3,1.0,5
323,19,51,2,2,0.25,3,0.25,3,0.0,3
64,60,66,1,1,1.0,3,0.75,3,0.0,4
183,13,34,1,2,0.75,3,0.75,3,0.0,5
170,19,51,1,2,0.0,3,0.0,3,0.0,1
93,68,2,2,3,0.5,3,0.5,3,1.0,3
396,34,42,1,3,0.25,3,0.25,3,0.0,2
421,29,37,2,3,1.0,3,0.5,2,0.0,4
116,65,70,1,1,0.25,3,0.0,2,0.0,4
59,24,46,2,3,1.0,3,0.75,3,0.0,5
103,68,2,2,1,1.0,3,0.5,3,1.0,5
246,59,69,2,1,1.0,3,0.25,3,0.0,5
113,61,25,1,1,0.25,3,0.0,5,1.0,1
177,67,47,1,1,0.25,1,0.25,3,1.0,2
242,55,29,1,3,1.0,2,0.5,2,0.0,3
42,61,25,2,1,0.25,3,0.0,2,0.0,1
405,10,31,1,2,0.25,2,0.25,3,0.0,2
409,52,6,2,1,0.0,3,0.0,2,0.0,1
381,62,63,1,3,1.0,3,1.0,3,0.0,4
166,48,30,1,1,0.75,3,0.5,3,0.0,3
246,38,57,2,1,0.75,3,0.25,3,0.0,4
244,20,12,1,3,0.75,3,0.75,1,0.0,5
284,25,36,1,3,0.25,3,0.5,3,0.0,3
146,44,40,1,3,0.25,3,0.25,2,0.0,2
338,20,12,2,3,0.0,2,1.0,2,0.0,1
1,50,61,2,1,0.5,3,0.75,2,0.0,4
298,8,44,1,2,1.0,2,0.25,2,0.0,5
191,48,30,2,1,1.0,3,0.5,2,0.0,5
249,68,2,1,1,1.0,3,1.0,2,0.0,5
447,28,39,1,1,0.25,3,0.25,2,0.0,3
383,61,25,1,1,0.75,3,0.5,3,0.0,4
28,2,23,1,2,0.75,3,0.75,2,0.0,4
348,13,34,1,2,0.5,2,0.5,2,0.0,4
158,36,64,1,1,0.5,3,0.75,3,1.0,3
155,39,14,1,1,0.0,3,0.0,3,1.0,3
362,63,45,1,1,0.75,3,1.0,3,0.0,4
299,46,35,1,1,0.5,3,0.75,2,1.0,4
25,24,46,2,1,0.75,3,0.75,2,0.0,5
395,59,69,1,1,0.75,3,0.5,2,0.0,5
170,18,53,1,2,0.0,3,0.0,3,0.0,1
241,25,36,1,3,0.0,3,0.0,2,0.0,1
336,50,61,2,3,0.0,2,0.0,2,0.0,3
246,22,33,2,1,0.75,3,0.5,3,0.0,4
123,44,40,1,3,0.25,1,0.5,2,0.0,1
31,16,52,1,2,0.5,2,0.5,2,0.0,2
370,39,14,2,1,0.75,3,0.5,2,0.0,4
415,25,36,1,1,0.75,3,0.75,2,0.0,5
335,23,62,1,1,0.25,3,0.25,5,1.0,2
86,66,4,1,1,0.0,3,0.0,3,0.0,1
130,20,12,2,3,1.0,2,1.0,3,0.0,5
193,56,18,1,1,0.75,3,0.5,3,0.0,4
419,2,23,1,2,0.5,2,0.5,3,0.0,5
316,37,27,2,3,0.25,3,0.5,3,0.0,2
60,39,14,1,3,0.75,1,0.75,5,1.0,5
45,11,43,1,2,1.0,2,1.0,2,0.0,5
59,7,24,1,2,1.0,3,0.75,3,0.0,5
356,20,12,1,1,1.0,3,1.0,3,0.0,5
265,20,12,1,1,0.75,3,0.25,3,0.0,4
164,6,11,2,2,0.75,3,0.5,2,0.0,4
155,27,49,1,1,0.5,3,0.75,3,1.0,3
111,40,3,2,3,0.75,3,0.75,3,0.0,4
419,8,44,1,2,1.0,2,1.0,3,0.0,5
291,48,30,2,1,0.25,3,0.5,2,0.0,1
356,46,35,1,1,1.0,3,1.0,3,0.0,4
182,21,10,2,3,0.75,2,0.75,5,0.0,4
404,20,12,1,1,0.75,3,0.5,2,0.0,4
168,13,34,1,2,0.25,2,0.0,3,1.0,3
80,7,24,1,2,0.75,2,0.5,3,1.0,5
47,29,37,2,1,1.0,3,1.0,3,0.0,5
174,20,12,1,3,0.5,2,0.5,2,0.0,5
139,56,18,2,3,1.0,2,0.75,3,0.0,3
280,25,36,2,1,0.75,3,0.25,2,0.0,4
389,28,39,2,1,0.5,3,0.5,2,0.0,2
180,7,24,1,2,0.75,3,0.75,3,0.0,4
406,22,33,1,1,0.75,3,0.5,2,0.0,3
214,22,33,1,3,0.25,3,0.25,2,0.0,1
21,69,65,2,3,0.75,3,0.75,3,0.0,5
430,48,30,2,1,0.75,1,0.75,2,0.0,4
191,58,1,2,1,0.75,3,0.25,2,0.0,5
24,4,41,1,2,0.25,3,0.25,2,0.0,2
314,68,2,2,1,0.25,3,0.25,2,0.0,2
40,25,36,1,3,1.0,2,1.0,3,0.0,5
362,41,7,1,1,1.0,3,1.0,3,0.0,5
334,48,30,1,3,1.0,3,1.0,3,0.0,5
68,29,37,1,1,0.75,3,0.75,2,0.0,5
404,38,57,1,1,0.5,3,0.5,2,0.0,3
330,27,49,1,1,0.75,3,0.75,2,0.0,5
1,53,19,2,1,0.5,3,0.75,2,0.0,3
365,24,46,2,1,0.75,3,0.5,3,1.0,3
389,50,61,2,1,1.0,3,0.5,2,0.0,5
76,67,47,2,1,0.0,3,0.0,2,0.0,1
334,39,14,1,3,1.0,3,1.0,3,0.0,5
223,31,9,2,1,0.5,3,0.5,2,0.0,2
391,26,26,2,3,0.5,2,0.75,3,0.0,1
300,50,61,1,3,0.5,3,1.0,2,0.0,4
397,59,69,2,3,0.75,2,0.5,2,0.0,5
333,8,44,1,2,1.0,2,0.25,3,1.0,5
290,4,41,1,2,0.75,3,0.5,2,0.0,4
173,49,21,1,3,0.0,2,0.0,3,1.0,1
86,21,10,1,1,0.25,3,0.0,3,0.0,1
124,33,50,1,1,0.5,3,1.0,3,1.0,3
12,52,6,1,1,0.25,3,0.25,3,0.0,2
103,32,16,1,3,1.0,3,0.75,3,1.0,5
230,26,26,2,1,0.5,3,0.5,3,0.0,2
430,43,28,2,1,0.0,1,0.0,2,0.0,1
308,8,44,1,2,0.75,2,0.5,2,0.0,4
333,17,22,1,2,1.0,2,0.75,3,1.0,5
343,41,7,2,1,0.25,3,0.25,1,1.0,2
244,28,39,1,3,0.25,3,1.0,1,0.0,3
246,57,67,2,1,0.75,3,0.5,3,0.0,4
154,11,43,1,2,0.5,3,0.75,3,1.0,4
423,4,41,1,2,0.75,3,1.0,3,1.0,5
40,37,27,1,3,1.0,2,1.0,3,0.0,5
13,20,12,1,3,1.0,2,0.75,5,0.0,5
196,25,36,2,3,0.5,2,0.5,3,0.0,2
78,46,35,2,1,0.75,3,0.5,1,1.0,5
93,10,31,1,2,1.0,3,0.75,3,1.0,5
449,36,64,1,1,0.25,3,0.25,3,0.0,1
205,9,59,1,2,0.75,2,0.25,2,0.0,1
115,31,9,1,1,1.0,3,0.75,1,1.0,5
431,63,45,2,1,0.0,3,0.25,3,0.0,2
267,59,69,1,3,0.25,1,0.25,2,0.0,2
315,22,33,1,1,1.0,3,0.75,3,0.0,5
4,31,9,1,3,0.25,3,0.5,3,1.0,2
1,39,14,1,3,0.75,3,0.5,2,0.0,2
37,20,12,1,1,0.5,3,0.75,3,0.0,4
343,27,49,2,1,1.0,3,1.0,1,1.0,5
354,38,57,1,1,0.75,3,0.5,3,0.0,2
394,63,45,1,1,0.5,3,0.5,4,0.0,2
319,53,19,1,1,0.75,1,1.0,2,0.0,4
330,32,16,1,1,0.75,3,0.75,2,0.0,5
41,48,30,2,3,0.25,3,0.5,3,0.0,4
425,23,62,1,3,0.25,3,0.25,3,0.0,2
446,29,37,1,1,0.0,3,0.0,2,0.0,1
371,28,39,1,3,0.25,3,0.5,3,0.0,2
78,20,12,2,1,0.75,3,0.75,1,1.0,3
158,2,23,1,2,0.75,3,0.75,3,1.0,4
93,14,58,1,2,1.0,3,0.75,3,1.0,5
104,27,49,1,1,0.5,1,0.5,3,1.0,2
290,19,51,1,2,0.75,3,0.75,2,0.0,4
7,33,50,1,1,0.75,3,0.5,3,0.0,4
139,61,25,2,3,1.0,2,0.75,3,0.0,5
141,46,35,1,1,0.75,3,0.75,3,0.0,4
159,6,11,1,2,0.75,3,0.5,3,0.0,4
71,25,36,1,3,1.0,3,0.75,3,0.0,4
230,22,33,2,1,0.5,3,0.5,3,0.0,1
398,57,67,2,1,1.0,3,0.5,3,0.0,5
310,57,67,2,3,1.0,3,0.75,2,0.0,5
420,57,67,1,1,1.0,3,1.0,3,0.0,4
66,6,11,1,2,0.25,2,0.25,2,0.0,1
210,67,47,2,3,0.75,2,0.5,3,0.0,4
412,45,68,1,1,0.75,1,0.75,3,1.0,5
176,68,2,1,1,0.75,3,0.5,3,0.0,5
345,58,1,2,1,0.75,3,0.5,2,0.0,4
297,59,69,2,1,1.0,3,1.0,2,0.0,5
441,43,28,1,1,0.25,3,0.0,1,1.0,1
397,32,16,2,3,0.5,2,0.75,2,0.0,5
88,1,48,2,2,1.0,3,0.75,2,0.0,4
236,4,41,1,2,0.75,2,0.75,2,0.0,5
184,69,65,1,1,0.75,3,0.75,3,0.0,5
28,6,11,1,2,1.0,3,0.75,2,0.0,5
443,20,12,1,3,0.5,1,0.25,2,0.0,2
312,20,12,2,1,0.75,3,0.75,2,0.0,4
333,6,11,1,2,1.0,2,0.75,3,1.0,4
371,29,37,1,3,0.5,3,0.5,3,0.0,4
166,30,20,1,1,1.0,3,0.5,3,0.0,5
292,32,16,1,3,1.0,3,1.0,3,0.0,5
79,47,8,1,3,0.75,3,0.75,2,0.0,3
181,26,26,1,1,0.25,3,0.0,3,0.0,1
296,24,46,1,1,1.0,3,0.5,3,1.0,4
424,64,32,2,1,1.0,3,0.75,3,0.0,4
258,34,42,1,3,0.5,3,0.75,2,0.0,1
298,15,54,1,2,1.0,2,0.25,2,0.0,5
198,60,66,1,1,1.0,3,0.75,2,0.0,4
368,21,10,1,3,0.75,3,0.75,2,0.0,5
168,7,24,1,2,0.0,2,0.0,3,1.0,1
120,56,18,2,3,0.5,2,0.5,3,0.0,4
91,29,37,1,1,0.5,3,0.5,2,0.0,4
128,66,4,1,3,1.0,3,0.75,2,0.0,5
7,26,26,1,1,0.75,3,0.0,3,0.0,2
451,62,63,1,3,0.75,3,0.75,3,0.0,4
131,61,25,2,1,1.0,3,1.0,2,0.0,5
101,1,48,1,2,0.0,2,0.0,3,1.0,1
215,35,60,1,1,0.75,1,0.75,2,0.0,2
239,20,12,1,1,0.5,3,1.0,2,0.0,2
108,64,32,1,3,0.0,3,0.0,1,1.0,1
272,40,3,1,3,0.75,3,0.75,2,0.0,4
22,4,41,1,2,0.0,3,0.25,3,1.0,1
302,29,37,2,3,0.75,3,0.75,3,0.0,5
249,24,46,1,1,1.0,3,1.0,2,0.0,5
158,58,1,1,1,1.0,3,1.0,3,1.0,5
102,26,26,1,3,0.25,3,0.0,3,0.0,3
81,43,28,1,1,0.5,3,0.25,2,0.0,3
27,26,26,1,1,0.25,3,0.25,3,0.0,2
229,52,6,1,1,1.0,3,0.5,3,0.0,2
79,48,30,1,1,1.0,3,0.5,2,0.0,5
124,30,20,1,1,1.0,3,1.0,3,1.0,5
315,17,22,1,2,0.0,3,0.5,3,0.0,1
229,29,37,1,3,1.0,3,0.5,3,0.0,2
100,6,11,2,2,0.75,3,1.0,3,0.0,4
113,26,26,1,1,0.25,3,0.0,5,1.0,1
82,61,25,1,1,0.75,3,0.75,3,0.0,4
262,35,60,1,1,0.75,3,0.75,2,1.0,4
393,63,45,2,3,0.5,3,0.5,2,0.0,3
138,8,44,2,2,0.75,3,0.75,2,0.0,4
401,1,48,1,2,0.75,2,0.5,2,0.0,5
250,29,37,1,3,1.0,3,0.5,3,0.0,5
342,36,64,1,1,0.75,3,0.5,2,0.0,4
356,34,42,1,1,0.25,3,0.75,3,0.0,2
7,37,27,1,1,0.0,3,0.0,3,0.0,1
424,37,27,2,1,0.25,3,0.5,3,0.0,2
156,48,30,2,1,1.0,3,1.0,2,0.0,5
14,48,30,2,1,0.5,3,0.5,3,0.0,4
132,29,37,1,1,1.0,3,0.25,3,0.0,5
135,4,41,1,2,0.0,3,0.0,3,0.0,1
308,16,52,1,2,0.25,2,0.25,2,0.0,2
412,37,27,1,1,0.25,1,0.5,3,1.0,1
420,29,37,1,1,1.0,3,0.75,3,0.0,5
328,21,10,1,1,0.25,3,0.5,2,0.0,1
4,38,57,1,1,0.25,3,0.25,3,1.0,2
301,20,12,2,3,0.5,3,1.0,3,0.0,5
367,31,9,1,1,1.0,3,0.75,3,0.0,5
296,15,54,1,2,1.0,3,0.75,3,1.0,4
300,32,16,1,3,0.75,3,1.0,2,0.0,4
359,23,62,2,3,0.25,3,0.75,2,1.0,2
204,21,10,1,1,0.25,3,0.25,1,0.0,2
62,55,29,2,1,0.5,3,0.25,3,1.0,1
365,21,10,1,3,0.0,3,0.0,3,1.0,1
309,28,39,1,1,0.25,3,0.25,3,0.0,2
422,35,60,2,3,1.0,3,0.5,3,0.0,2
248,18,53,1,2,0.25,3,0.25,2,0.0,1
277,38,57,2,3,0.0,2,0.0,3,1.0,1
227,0,17,1,2,0.5,2,0.25,2,0.0,3
110,20,12,1,1,1.0,3,0.75,2,0.0,4
81,24,46,1,1,1.0,3,0.5,2,0.0,5
262,23,62,2,3,0.25,3,0.25,2,1.0,2
262,48,30,1,1,0.5,3,0.5,2,1.0,4
235,63,45,1,1,0.25,1,1.0,2,0.0,2
114,31,9,2,1,0.0,3,0.5,5,1.0,1
28,1,48,1,2,0.25,3,0.0,2,0.0,2
452,68,2,1,3,0.25,3,0.25,2,0.0,2
178,3,38,1,2,1.0,2,0.75,2,0.0,4
302,37,27,2,1,0.5,3,0.5,3,0.0,2
286,21,10,1,1,0.75,3,1.0,3,0.0,2
301,34,42,2,1,0.5,3,1.0,3,0.0,5
345,56,18,2,1,0.5,3,0.75,2,0.0,3
359,64,32,2,3,0.75,3,1.0,2,1.0,4
193,35,60,1,1,0.25,3,0.25,3,0.0,1
403,37,27,1,3,1.0,3,1.0,2,0.0,5
30,20,12,1,1,1.0,3,0.75,2,0.0,5
378,27,49,2,1,0.5,3,0.5,3,0.0,4
406,28,39,1,1,0.75,3,0.5,2,0.0,4
111,33,50,2,1,1.0,3,0.75,3,0.0,4
114,67,47,2,3,0.25,3,0.25,5,1.0,1
49,35,60,2,3,0.0,2,0.75,3,0.0,1
122,37,27,2,3,0.75,3,0.5,2,0.0,5
366,59,69,1,3,0.25,3,0.25,2,0.0,2
131,20,12,2,3,1.0,3,1.0,2,0.0,5
272,50,61,1,3,0.75,3,0.75,2,0.0,4
48,21,10,2,1,0.25,3,0.25,3,0.0,2
235,20,12,1,1,0.25,1,0.75,2,0.0,2
18,61,25,1,1,0.75,3,0.75,2,0.0,2
42,48,30,2,1,0.75,3,0.75,2,0.0,4
209,8,44,1,2,0.5,2,0.5,3,1.0,2
351,27,49,2,1,0.25,3,0.5,2,0.0,1
71,40,3,1,3,1.0,3,0.75,3,0.0,4
154,23,62,1,1,0.75,3,0.75,3,1.0,3
238,59,69,1,1,0.75,3,0.75,3,0.0,4
305,66,4,1,3,1.0,3,0.5,3,1.0,4
248,26,26,1,1,0.25,3,0.25,2,0.0,2
421,66,4,2,3,1.0,3,0.75,2,0.0,5
199,20,12,1,1,0.75,3,0.75,5,1.0,5
297,68,2,2,1,0.75,3,0.25,2,0.0,3
366,42,13,1,3,0.75,3,0.75,2,0.0,4
346,62,63,1,1,0.5,3,0.5,2,1.0,3
446,21,10,1,1,0.0,3,0.0,2,0.0,1
396,26,26,1,3,0.25,3,0.25,3,0.0,1
23,44,40,2,3,0.5,2,0.5,3,1.0,2
136,34,42,1,1,0.75,3,0.5,2,0.0,4
418,62,63,1,3,0.75,3,0.75,3,0.0,5
373,63,45,1,1,0.25,3,0.5,3,1.0,2
175,51,15,1,3,0.5,3,0.5,3,0.0,3
397,60,66,2,3,0.75,2,0.75,2,0.0,5
114,34,42,2,1,0.0,3,0.0,5,1.0,1
380,32,16,1,1,1.0,3,0.5,3,0.0,5
221,23,62,1,1,0.75,3,0.25,2,0.0,4
93,53,19,1,1,0.75,3,0.5,3,1.0,4
213,57,67,2,1,0.5,3,0.25,3,1.0,1
372,46,35,2,3,0.75,3,0.75,3,0.0,3
213,37,27,2,1,0.5,3,0.5,3,1.0,2
50,33,50,1,1,1.0,3,1.0,2,0.0,4
166,21,10,1,1,0.0,3,0.0,3,0.0,1
225,47,8,1,1,0.25,3,0.25,2,0.0,3
361,25,36,1,3,0.0,1,0.0,3,1.0,3
114,39,14,2,3,0.75,3,0.5,5,1.0,3
352,4,41,1,2,0.75,3,0.75,2,0.0,4
173,69,65,1,3,0.0,2,0.0,3,1.0,1
329,27,49,1,3,0.75,2,0.75,2,0.0,5
365,35,60,2,1,0.5,3,0.5,3,1.0,3
267,27,49,1,3,0.5,1,0.25,2,0.0,2
100,18,53,2,2,0.25,3,0.0,3,0.0,2
441,57,67,1,1,0.75,3,0.25,1,1.0,4
28,39,14,1,3,0.5,3,0.5,2,0.0,4
214,67,47,1,3,0.75,3,0.5,2,0.0,4
395,46,35,1,1,1.0,3,0.5,2,0.0,5
28,10,31,1,2,0.75,3,0.75,2,0.0,4
156,39,14,2,1,0.75,3,1.0,2,0.0,5
377,52,6,1,3,0.5,3,0.5,2,1.0,2
108,61,25,1,3,0.0,3,0.0,1,1.0,1
136,50,61,1,1,0.5,3,0.5,2,0.0,4
352,13,34,1,2,1.0,3,1.0,2,0.0,4
231,39,14,1,1,0.5,3,0.5,4,0.0,4
435,31,9,2,3,0.75,3,0.75,2,0.0,5
162,32,16,2,3,0.75,2,0.75,3,0.0,4
395,25,36,1,1,0.75,3,0.75,2,0.0,4
278,29,37,2,3,0.75,2,0.0,2,0.0,5
82,48,30,2,3,0.5,3,0.75,3,0.0,4
169,14,58,1,2,0.25,3,0.25,2,0.0,3
300,25,36,1,3,0.5,3,0.75,2,0.0,4
125,33,50,1,3,0.25,3,0.25,2,0.0,2
133,31,9,1,1,0.25,3,0.25,2,0.0,3
94,21,10,1,1,0.25,3,0.0,3,0.0,2
252,3,38,1,2,0.75,2,0.5,3,0.0,4
24,43,28,1,1,1.0,3,1.0,2,0.0,4
393,9,59,1,2,1.0,3,0.75,2,0.0,3
392,0,17,2,2,1.0,3,0.75,3,0.0,5
136,69,65,1,3,0.25,3,0.5,2,0.0,2
233,51,15,2,1,0.5,3,0.75,3,0.0,2
136,36,64,1,3,0.5,3,0.75,2,0.0,4
207,26,26,2,1,0.0,3,0.0,2,0.0,1
104,39,14,1,1,0.5,1,1.0,3,1.0,2
62,25,36,1,3,1.0,3,0.75,3,1.0,5
205,15,54,1,2,0.75,2,0.5,2,0.0,5
365,20,12,2,1,0.75,3,0.5,3,1.0,4
301,48,30,2,1,0.5,3,1.0,3,0.0,5
405,3,38,1,2,0.75,2,0.5,3,0.0,3
312,29,37,2,3,1.0,3,1.0,2,0.0,5
136,58,1,1,3,0.75,3,0.5,2,0.0,4
158,9,59,1,2,1.0,3,0.75,3,1.0,5
244,2,23,1,2,1.0,3,0.5,1,0.0,5
118,23,62,1,3,0.25,3,0.25,3,1.0,1
319,25,36,1,1,0.75,1,0.75,2,0.0,5
80,13,34,1,2,1.0,2,0.75,3,1.0,5
70,29,37,1,3,0.75,3,1.0,2,0.0,4
63,46,35,2,3,0.25,3,0.25,2,0.0,1
242,20,12,1,3,1.0,2,0.5,2,0.0,5
257,30,20,1,1,0.25,3,0.0,3,0.0,1
377,20,12,1,1,0.75,3,0.75,2,1.0,5
218,61,25,1,1,0.75,3,0.75,3,1.0,5
136,56,18,1,3,0.75,3,0.75,2,0.0,4
303,7,24,1,2,0.25,3,0.25,3,0.0,2
185,13,34,1,2,0.75,2,0.75,2,0.0,5
145,30,20,1,3,0.25,3,0.25,2,0.0,1
27,63,45,2,3,0.75,3,0.5,3,0.0,2
109,44,40,1,1,0.0,3,0.0,1,1.0,1
214,27,49,1,3,0.75,3,0.5,2,0.0,4
405,4,41,1,2,0.75,2,0.5,3,0.0,4
264,20,12,2,3,0.5,3,0.5,3,0.0,4
279,20,12,1,1,0.5,3,0.5,2,0.0,2
182,62,63,2,3,0.75,2,0.5,5,0.0,4
332,37,27,1,1,1.0,3,0.75,2,0.0,4
196,59,69,2,3,0.5,2,0.5,3,0.0,2
49,38,57,2,3,1.0,2,0.75,3,0.0,4
387,39,14,1,1,0.5,3,0.5,2,0.0,3
82,57,67,1,1,0.75,3,0.75,3,0.0,4
389,21,10,2,1,0.5,3,0.5,2,0.0,2
97,5,5,1,2,0.0,3,0.25,2,0.0,1
381,44,40,1,3,0.25,3,0.5,3,0.0,2
422,68,2,2,3,1.0,3,0.5,3,0.0,5
288,68,2,1,1,0.75,3,1.0,3,0.0,4
259,39,14,2,3,0.5,2,0.5,3,1.0,4
430,50,61,2,1,0.75,1,0.5,2,0.0,4
279,50,61,1,1,0.75,3,0.5,2,0.0,4
382,63,45,2,3,0.5,2,0.25,2,0.0,2
198,27,49,1,1,1.0,3,0.75,2,0.0,5
86,20,12,1,3,1.0,3,0.5,3,0.0,5
99,55,29,1,1,1.0,3,0.75,3,0.0,4
420,33,50,1,3,1.0,3,0.75,3,0.0,5
174,65,70,1,3,0.25,2,0.25,2,0.0,3
279,33,50,1,1,0.5,3,0.5,2,0.0,2
416,20,12,1,1,0.0,3,0.5,2,0.0,1
206,68,2,1,1,0.75,3,0.75,3,0.0,5
280,11,43,2,2,0.25,3,0.5,2,0.0,2
334,68,2,1,3,1.0,3,1.0,3,0.0,5
376,58,1,2,1,0.25,3,0.0,3,0.0,2
190,7,24,2,2,1.0,3,0.75,3,0.0,5
415,48,30,1,1,0.25,3,0.25,2,0.0,1
163,37,27,1,3,1.0,3,0.75,2,0.0,5
407,21,10,1,1,0.5,3,0.5,3,0.0,2
402,58,1,2,3,0.75,3,0.75,3,1.0,4
106,10,31,1,2,1.0,2,1.0,2,0.0,5
245,47,8,1,3,0.5,3,0.75,5,0.0,4
11,7,24,1,2,1.0,2,0.75,2,0.0,5
247,23,62,2,3,0.5,2,0.25,2,0.0,2
156,37,27,2,1,0.5,3,0.5,2,0.0,2
437,63,45,1,3,0.0,2,0.5,2,0.0,1
311,68,2,2,1,1.0,3,0.5,3,0.0,4
106,12,56,1,2,0.75,2,0.5,2,0.0,4
300,37,27,2,1,0.75,3,0.25,2,0.0,2
249,39,14,1,1,1.0,3,1.0,2,0.0,5
15,7,24,1,2,0.5,2,0.5,2,0.0,3
296,45,68,1,1,1.0,3,0.5,3,1.0,3
354,24,46,1,1,1.0,3,0.5,3,0.0,5
146,51,15,1,3,0.0,3,0.25,2,0.0,1
175,22,33,1,3,1.0,3,1.0,3,0.0,5
295,57,67,1,3,1.0,3,1.0,3,0.0,5
262,22,33,2,3,0.75,3,1.0,2,1.0,5
41,61,25,1,1,0.75,3,0.75,3,0.0,4
349,55,29,1,1,0.5,3,0.5,3,1.0,2
219,24,46,2,3,1.0,3,0.5,2,0.0,5
390,38,57,1,1,0.0,3,0.25,3,0.0,2
147,22,33,2,3,0.5,3,0.5,3,0.0,3
259,26,26,2,3,0.25,2,0.25,3,1.0,2
136,27,49,1,1,1.0,3,0.75,2,0.0,4
250,37,27,1,3,0.75,3,1.0,3,0.0,4
252,7,24,1,2,0.5,2,0.25,3,0.0,2
176,29,37,1,1,1.0,3,0.5,3,0.0,5
296,61,25,1,1,0.0,3,0.0,3,1.0,1
189,24,46,1,1,0.5,3,0.25,3,0.0,4
72,29,37,2,1,0.5,3,0.0,2,0.0,1
99,18,53,1,2,0.0,3,0.0,3,0.0,1
141,17,22,2,2,0.75,3,0.75,3,0.0,5
312,52,6,2,1,0.25,3,0.25,2,0.0,2
274,42,13,2,3,1.0,3,0.75,2,0.0,4
278,62,63,2,3,1.0,2,0.0,2,0.0,5
46,3,38,1,2,1.0,3,1.0,3,0.0,5
271,34,42,1,1,0.5,3,0.25,3,0.0,1
84,68,2,1,1,0.5,3,0.5,3,0.0,2
441,64,32,1,1,0.5,3,0.25,1,1.0,4
194,68,2,1,3,0.75,1,0.75,2,0.0,4
410,2,23,2,2,0.25,3,0.25,4,0.0,3
387,61,25,1,1,0.25,3,0.25,2,0.0,2
247,63,45,2,3,0.0,2,0.25,2,0.0,1
305,20,12,2,1,1.0,3,0.5,3,1.0,4
62,64,32,1,3,0.25,3,0.5,3,1.0,2
336,40,3,2,3,0.5,2,0.25,2,0.0,5
33,21,10,1,3,0.5,2,0.5,5,1.0,2
301,32,16,2,1,0.75,3,0.75,3,0.0,5
157,56,18,1,3,1.0,2,0.25,2,0.0,4
107,55,29,1,1,0.5,3,0.0,3,0.0,2
339,24,46,2,3,0.75,2,0.75,3,0.0,5
334,31,9,1,3,1.0,3,0.75,3,0.0,5
369,17,22,1,2,1.0,2,0.5,2,0.0,5
365,56,18,1,3,1.0,3,0.5,3,1.0,5
184,28,39,1,1,0.25,3,0.5,3,0.0,1
84,48,30,1,1,0.5,3,0.25,3,0.0,4
294,37,27,2,3,0.0,2,0.5,2,0.0,1
12,48,30,1,1,0.75,3,0.75,3,0.0,4
215,62,63,2,3,0.75,2,0.75,2,0.0,4
262,41,7,2,3,1.0,3,1.0,2,1.0,5
249,32,16,1,1,0.0,3,0.25,2,0.0,1
312,62,63,2,3,0.25,3,0.25,2,0.0,3
104,27,49,2,3,0.75,2,0.75,3,1.0,4
80,12,56,1,2,0.5,2,0.5,3,1.0,4
235,62,63,1,1,0.75,1,0.5,2,0.0,5
64,47,8,1,1,0.0,3,0.25,3,0.0,2
416,65,70,1,1,0.75,3,0.5,2,0.0,3
155,15,54,1,2,0.5,3,0.5,3,1.0,3
143,43,28,1,3,0.25,3,0.25,3,1.0,1
392,50,61,1,1,0.25,3,0.0,3,0.0,3
246,67,47,2,1,1.0,3,0.5,3,0.0,5
73,3,38,1,2,0.75,2,0.5,2,0.0,5
135,1,48,1,2,1.0,3,1.0,3,0.0,5
191,68,2,2,1,1.0,3,0.75,2,0.0,5
111,21,10,2,3,0.75,3,0.75,3,0.0,5
206,53,19,1,1,1.0,3,1.0,3,0.0,5
345,32,16,2,1,0.75,3,0.75,2,0.0,4
172,36,64,2,3,0.25,1,0.25,3,1.0,2
61,26,26,1,1,0.5,3,0.5,2,0.0,3
136,7,24,1,2,0.75,3,0.75,2,0.0,4
246,20,12,2,1,0.75,3,0.25,3,0.0,5
330,51,15,1,1,0.0,3,0.25,2,0.0,1
212,24,46,2,3,1.0,2,0.75,3,0.0,5
265,46,35,1,1,0.5,3,0.25,3,0.0,4
75,45,68,1,3,1.0,3,0.5,3,0.0,5
197,3,38,1,2,0.75,2,0.5,2,0.0,4
52,29,37,1,1,1.0,3,0.5,3,0.0,5
300,33,50,2,1,0.5,3,0.25,2,0.0,5
141,3,38,2,2,0.75,3,0.75,3,0.0,5
44,21,10,1,1,0.25,3,0.25,2,0.0,3
169,15,54,1,2,0.75,3,0.75,2,0.0,4
176,35,60,1,1,0.25,3,0.5,3,0.0,1
314,28,39,2,1,0.25,3,0.5,2,0.0,1
443,23,62,1,3,0.5,1,0.5,2,0.0,3
422,63,45,1,1,0.0,3,0.25,3,0.0,2
353,20,12,2,1,0.75,3,0.5,3,0.0,4
276,38,57,1,3,0.5,2,0.5,2,0.0,3
278,56,18,2,3,1.0,2,0.0,2,0.0,5
412,59,69,1,1,0.5,1,0.75,3,1.0,2
159,7,24,1,2,0.0,3,0.0,3,0.0,1
338,69,65,2,3,1.0,2,0.5,2,0.0,5
421,37,27,2,3,0.5,3,0.5,2,0.0,5
125,59,69,1,1,0.5,3,0.75,2,0.0,4
416,56,18,1,1,1.0,3,0.5,2,0.0,5
418,37,27,1,3,0.75,3,0.75,3,0.0,4
16,20,12,2,1,0.75,3,0.75,2,0.0,5
283,64,32,1,1,0.75,3,0.5,2,0.0,3
356,39,14,1,1,0.75,3,0.75,3,0.0,4
38,7,24,2,2,0.75,3,0.5,2,0.0,5
165,17,22,1,2,0.75,3,0.75,3,0.0,5
226,23,62,2,3,0.25,2,0.0,1,0.0,1
296,16,52,1,2,0.75,3,0.5,3,1.0,4
60,66,4,1,3,0.5,1,0.5,5,1.0,3
9,18,53,1,2,1.0,2,0.0,3,0.0,3
241,35,60,1,1,1.0,3,0.5,2,0.0,5
124,27,49,1,1,1.0,3,1.0,3,1.0,5
134,14,58,1,2,0.75,2,0.5,3,0.0,5
417,68,2,1,3,0.75,3,0.75,3,0.0,4
416,46,35,1,1,0.5,3,0.5,2,0.0,4
375,26,26,2,1,0.5,3,0.5,2,0.0,3
97,4,41,1,2,0.25,3,0.25,2,0.0,3
159,4,41,1,2,0.75,3,0.5,3,0.0,5
24,61,25,1,1,0.75,3,1.0,2,0.0,5
373,46,35,1,1,1.0,3,0.75,3,1.0,5
366,63,45,1,3,0.25,3,0.25,2,0.0,2
174,62,63,1,3,0.5,2,0.0,2,0.0,2
89,39,14,2,1,0.75,3,0.75,2,0.0,5
55,62,63,2,3,0.75,3,0.5,2,0.0,4
441,62,63,1,1,0.5,3,0.25,1,1.0,3
331,4,41,2,2,0.75,3,0.75,2,0.0,4
315,23,62,1,1,0.25,3,0.5,3,0.0,2
231,40,3,1,1,0.5,3,0.25,4,0.0,4
183,0,17,1,2,1.0,3,0.75,3,0.0,5
290,8,44,1,2,0.75,3,0.75,2,0.0,5
334,28,39,1,3,0.0,3,0.25,3,0.0,1
305,29,37,1,3,0.75,3,0.5,3,1.0,4
24,55,29,1,1,1.0,3,1.0,2,0.0,5
137,38,57,2,1,1.0,3,0.75,5,1.0,5
50,20,12,1,1,1.0,3,0.75,2,0.0,4
300,28,39,1,3,1.0,3,0.75,2,0.0,5
61,59,69,1,1,0.75,3,0.5,2,0.0,4
445,10,31,2,2,0.75,3,0.75,5,1.0,4
78,25,36,1,3,0.5,3,0.5,1,1.0,3
161,17,22,2,2,1.0,3,1.0,3,0.0,5
235,45,68,1,1,0.75,1,0.75,2,0.0,5
7,20,12,1,1,1.0,3,0.25,3,0.0,5
228,27,49,2,3,0.0,3,0.0,5,1.0,2
314,56,18,2,1,0.5,3,0.5,2,0.0,5
411,50,61,1,1,0.5,3,0.5,1,0.0,3
149,25,36,2,3,0.25,3,0.75,3,0.0,1
325,39,14,2,3,0.75,3,0.75,2,0.0,4
101,0,17,1,2,0.5,2,0.5,3,1.0,4
402,48,30,2,1,0.75,3,0.75,3,1.0,4
57,6,11,2,2,0.0,3,0.25,2,0.0,2
289,30,20,1,1,1.0,3,1.0,3,1.0,5
66,18,53,1,2,0.5,2,0.5,2,0.0,4
382,24,46,2,3,0.75,2,0.5,2,0.0,3
358,29,37,1,3,0.5,2,0.0,2,0.0,2
373,12,56,1,2,0.25,3,0.5,3,1.0,2
147,26,26,2,3,1.0,3,1.0,3,0.0,5
104,37,27,1,1,1.0,1,0.5,3,1.0,5
148,20,12,1,1,0.0,3,0.0,5,1.0,3
302,31,9,2,3,0.75,3,0.5,3,0.0,4
155,31,9,2,3,0.25,3,0.5,3,1.0,3
233,49,21,2,1,0.75,3,0.75,3,0.0,2
44,48,30,1,1,0.75,3,0.5,2,0.0,4
336,21,10,2,3,0.0,2,0.0,2,0.0,1
148,43,28,1,1,0.0,3,0.0,5,1.0,1
299,55,29,1,1,0.75,3,0.5,2,1.0,5
281,20,12,1,1,0.75,3,0.75,5,1.0,4
254,37,27,1,1,0.5,3,0.5,2,0.0,5
298,18,53,1,2,0.0,2,0.0,2,0.0,1
165,0,17,1,2,0.75,3,0.75,3,0.0,4
447,29,37,1,1,0.25,3,0.25,2,0.0,2
241,20,12,1,3,1.0,3,1.0,2,0.0,5
100,12,56,2,2,0.75,3,1.0,3,0.0,5
384,39,14,1,3,0.0,1,0.5,3,0.0,1
205,7,24,1,2,0.75,2,0.5,2,0.0,5
221,29,37,1,1,0.75,3,0.5,2,0.0,4
167,60,66,1,1,1.0,3,0.75,2,0.0,4
99,17,22,1,2,0.5,3,0.5,3,0.0,2
152,3,38,1,2,0.75,2,0.75,3,0.0,4
249,60,66,1,1,1.0,3,1.0,2,0.0,5
145,38,57,1,3,0.25,3,0.25,2,0.0,1
380,67,47,1,1,0.25,3,0.5,3,0.0,5
365,26,26,1,3,0.0,3,0.0,3,1.0,1
150,37,27,1,3,0.75,2,1.0,3,0.0,4
235,47,8,1,1,0.75,1,0.5,2,0.0,4
420,68,2,1,1,1.0,3,1.0,3,0.0,5
32,68,2,2,3,0.25,2,0.25,2,0.0,2
145,25,36,1,3,0.75,3,0.75,2,0.0,5
111,31,9,2,1,1.0,3,1.0,3,0.0,5
343,21,10,2,1,0.25,3,0.0,1,1.0,1
438,2,23,2,2,0.75,3,1.0,2,0.0,5
334,41,7,1,3,1.0,3,1.0,3,0.0,5
195,32,16,1,1,1.0,3,0.75,3,0.0,4
206,0,17,1,2,1.0,3,1.0,3,0.0,5
380,52,6,1,1,0.5,3,0.5,3,0.0,3
60,49,21,1,3,0.75,1,0.75,5,1.0,5
403,31,9,1,3,1.0,3,1.0,2,0.0,5
70,30,20,1,3,1.0,3,0.75,2,0.0,5
387,34,42,1,1,0.75,3,0.75,2,0.0,3
393,12,56,1,2,1.0,3,0.75,2,0.0,5
46,18,53,1,2,0.25,3,0.25,3,0.0,2
102,32,16,1,3,0.75,3,0.75,3,0.0,4
300,20,12,2,1,0.5,3,0.5,2,0.0,5
381,54,55,1,3,0.25,3,0.5,3,0.0,2
165,4,41,1,2,0.25,3,0.25,3,0.0,2
41,51,15,1,1,0.75,3,0.75,3,0.0,5
396,66,4,1,1,0.25,3,0.5,3,0.0,1
274,21,10,2,3,0.75,3,0.25,2,0.0,3
336,25,36,2,3,0.25,2,0.75,2,0.0,4
368,35,60,1,3,1.0,3,1.0,2,0.0,3
300,38,57,1,3,0.5,3,0.0,2,0.0,2
86,48,30,1,1,1.0,3,0.5,3,0.0,5
320,5,5,1,2,0.25,2,0.0,3,0.0,2
139,45,68,2,3,0.75,2,0.75,3,0.0,3
136,43,28,1,3,0.0,3,0.25,2,0.0,1
296,20,12,1,1,1.0,3,0.75,3,1.0,3
373,56,18,1,1,1.0,3,1.0,3,1.0,5
2,66,4,1,1,1.0,3,1.0,3,0.0,5
174,67,47,1,3,0.25,2,0.0,2,0.0,4
219,48,30,2,1,1.0,3,0.5,2,0.0,5
418,39,14,1,3,1.0,3,0.75,3,0.0,5
277,24,46,2,3,1.0,2,0.5,3,1.0,5
145,67,47,1,3,0.0,3,0.5,2,0.0,2
142,20,12,1,1,0.25,3,0.5,3,0.0,1
24,65,70,1,1,1.0,3,1.0,2,0.0,5
215,22,33,1,1,0.75,1,0.75,2,0.0,2
436,48,30,1,1,0.75,3,0.75,3,0.0,4
143,42,13,1,3,0.75,3,0.75,3,1.0,4
114,34,42,2,3,0.0,3,0.0,5,1.0,1
219,64,32,2,3,1.0,3,0.5,2,0.0,5
72,28,39,2,1,0.5,3,0.0,2,0.0,1
83,68,2,1,1,1.0,3,0.75,5,1.0,5
225,28,39,1,1,0.75,3,0.75,2,0.0,5
290,15,54,1,2,0.0,3,0.25,2,0.0,2
410,7,24,2,2,1.0,3,0.75,4,0.0,5
114,42,13,2,3,0.5,3,0.5,5,1.0,3
32,29,37,2,3,0.25,2,0.25,2,0.0,1
365,39,14,2,1,0.0,3,0.5,3,1.0,3
88,18,53,2,2,1.0,3,0.75,2,0.0,4
226,59,69,2,3,0.75,2,0.0,1,0.0,4
380,33,50,1,1,0.25,3,0.5,3,0.0,5
159,8,44,1,2,0.75,3,0.5,3,0.0,4
178,10,31,1,2,0.75,2,0.75,2,0.0,4
443,52,6,1,3,0.25,1,0.5,2,0.0,2
211,21,10,1,1,0.5,3,1.0,1,1.0,2
371,27,49,1,1,0.75,3,0.5,3,0.0,4
344,28,39,1,1,0.75,3,1.0,3,0.0,3
356,41,7,1,1,1.0,3,0.75,3,0.0,5
337,28,39,1,1,0.5,1,0.25,3,0.0,4
178,17,22,1,2,0.75,2,0.5,2,0.0,5
179,29,37,2,3,1.0,2,0.75,3,0.0,5
396,51,15,1,3,0.25,3,0.25,3,0.0,2
308,0,17,1,2,0.75,2,0.5,2,0.0,4
301,20,12,2,1,0.5,3,1.0,3,0.0,5
218,57,67,1,1,0.75,3,0.75,3,1.0,4
392,20,12,1,1,0.25,3,0.25,3,0.0,2
114,67,47,2,1,0.25,3,0.25,5,1.0,1
371,68,2,1,3,0.25,3,0.5,3,0.0,2
24,10,31,1,2,1.0,3,1.0,2,0.0,5
272,51,15,1,3,0.0,3,0.25,2,0.0,1
347,19,51,2,2,0.25,3,0.0,4,0.0,3
33,60,66,1,3,0.5,2,0.5,5,1.0,4
439,22,33,1,1,0.5,3,0.75,3,0.0,2
390,68,2,1,1,1.0,3,0.75,3,0.0,4
375,21,10,2,3,0.5,3,0.5,2,0.0,3
166,58,1,1,1,1.0,3,0.5,3,0.0,3
87,21,10,2,1,0.5,3,0.5,3,0.0,4
111,23,62,2,1,0.0,3,0.25,3,0.0,1
316,29,37,2,3,0.25,3,0.5,3,0.0,3
176,60,66,1,1,0.75,3,0.5,3,0.0,5
402,48,30,2,3,0.75,3,0.75,3,1.0,4
172,22,33,2,3,0.25,1,0.25,3,1.0,2
391,69,65,2,3,1.0,2,0.75,3,0.0,5
1,20,12,2,1,0.75,3,0.75,2,0.0,4
308,7,24,1,2,0.75,2,0.5,2,0.0,4
228,59,69,2,3,1.0,3,0.75,5,1.0,5
99,0,17,1,2,1.0,3,1.0,3,0.0,5
357,21,10,1,1,0.75,3,0.5,2,0.0,4
75,62,63,1,1,1.0,3,0.75,3,0.0,5
5,13,34,1,2,0.75,2,0.75,2,0.0,5
400,69,65,1,3,1.0,1,0.75,3,1.0,5
93,61,25,2,3,0.5,3,0.0,3,1.0,1
93,6,11,1,2,0.25,3,0.25,3,1.0,2
262,48,30,2,3,1.0,3,0.75,2,1.0,5
300,58,1,1,3,0.5,3,0.75,2,0.0,5
417,22,33,1,3,1.0,3,0.75,3,0.0,5
59,1,48,1,2,0.25,3,0.25,3,0.0,1
318,58,1,1,1,0.25,3,0.5,3,0.0,1
326,18,53,1,2,0.25,3,0.0,1,1.0,2
443,21,10,1,3,0.75,1,0.75,2,0.0,4
311,24,46,2,1,1.0,3,0.5,3,0.0,5
392,1,48,2,2,0.25,3,0.5,3,0.0,2
359,68,2,1,1,0.75,3,1.0,2,1.0,4
85,28,39,1,1,0.0,3,0.0,2,0.0,2
379,59,69,2,1,0.5,3,0.25,3,0.0,4
41,23,62,2,3,0.25,3,0.5,3,0.0,2
373,19,51,1,2,1.0,3,0.75,3,1.0,5
16,62,63,2,1,1.0,3,1.0,2,0.0,5
345,45,68,2,1,1.0,3,0.5,2,0.0,3
185,11,43,1,2,0.75,2,0.75,2,0.0,5
60,20,12,1,3,0.75,1,0.75,5,1.0,5
328,31,9,1,3,1.0,3,0.25,2,0.0,5
191,66,4,2,1,0.0,3,0.25,2,0.0,1
41,22,33,2,3,0.75,3,0.25,3,0.0,1
431,56,18,2,3,0.25,3,0.25,3,0.0,2
396,68,2,1,1,0.75,3,0.5,3,0.0,4
233,44,40,2,1,0.5,3,0.75,3,0.0,2
35,38,57,1,1,1.0,3,0.75,2,0.0,5
403,38,57,1,3,1.0,3,1.0,2,0.0,3
22,29,37,2,3,1.0,3,0.75,3,1.0,5
397,31,9,2,3,1.0,2,0.5,2,0.0,5
399,48,30,1,1,0.75,3,0.5,3,0.0,4
22,32,16,2,3,0.25,3,0.75,3,1.0,2
27,47,8,1,1,0.5,3,0.25,3,0.0,2
41,24,46,1,1,0.75,3,0.5,3,0.0,4
84,25,36,1,1,0.5,3,0.5,3,0.0,2
405,11,43,1,2,0.25,2,0.25,3,0.0,2
441,40,3,1,1,0.0,3,0.0,1,1.0,1
104,20,12,1,1,1.0,1,0.75,3,1.0,5
195,2,23,2,2,0.25,3,0.25,3,0.0,3
226,20,12,2,3,0.5,2,0.0,1,0.0,4
47,38,57,2,3,0.25,3,0.0,3,0.0,1
233,29,37,2,1,1.0,3,0.75,3,0.0,5
262,20,12,2,3,0.75,3,1.0,2,1.0,5
155,48,30,2,3,0.75,3,1.0,3,1.0,5
351,65,70,2,1,1.0,3,0.25,2,0.0,5
189,51,15,1,1,0.75,3,0.5,3,0.0,4
376,67,47,2,1,0.25,3,0.25,3,0.0,2
362,48,30,1,1,1.0,3,0.75,3,0.0,5
167,28,39,1,1,0.5,3,0.25,2,0.0,1
237,21,10,1,1,0.75,3,0.5,3,0.0,3
340,0,17,1,2,0.5,2,0.0,2,0.0,1
398,48,30,2,1,0.75,3,0.25,3,0.0,4
152,1,48,1,2,0.0,2,0.75,3,0.0,1
368,22,33,1,1,1.0,3,0.75,2,0.0,5
361,68,2,1,1,0.75,3,0.75,3,1.0,4
75,62,63,1,3,1.0,3,0.75,3,0.0,5
357,24,46,1,1,1.0,3,0.5,2,0.0,5
240,32,16,1,1,0.75,3,0.75,1,1.0,4
423,52,6,1,1,0.25,3,0.25,3,1.0,1
319,56,18,1,1,1.0,1,0.75,2,0.0,5
136,57,67,1,3,0.5,3,0.75,2,0.0,4
364,43,28,2,1,0.75,3,0.75,3,0.0,2
272,20,12,1,3,0.75,3,0.75,2,0.0,4
124,32,16,1,1,0.5,3,1.0,3,1.0,3
28,39,14,1,1,1.0,3,0.75,2,0.0,5
288,48,30,1,1,0.75,3,0.75,3,0.0,3
390,67,47,2,3,0.75,3,0.5,3,0.0,5
371,35,60,1,3,0.25,3,0.5,3,0.0,2
410,8,44,2,2,0.75,3,1.0,4,0.0,5
125,68,2,1,3,1.0,3,1.0,2,0.0,5
17,27,49,2,1,0.75,3,0.75,2,0.0,4
26,39,14,1,1,0.25,3,0.0,2,0.0,1
213,39,14,2,3,1.0,3,0.5,3,1.0,5
143,32,16,1,3,0.25,3,0.0,3,1.0,2
261,13,34,1,2,1.0,2,0.75,3,0.0,4
75,43,28,1,3,0.5,3,0.75,3,0.0,5
192,33,50,1,1,1.0,3,1.0,3,0.0,5
234,38,57,1,1,0.75,3,0.5,3,0.0,5
147,33,50,2,3,1.0,3,1.0,3,0.0,5
356,24,46,1,1,1.0,3,1.0,3,0.0,5
343,34,42,2,1,0.5,3,0.0,1,1.0,1
426,7,24,2,2,0.0,3,0.0,2,0.0,1
130,38,57,2,3,1.0,2,1.0,3,0.0,5
324,23,62,1,3,0.5,3,0.5,2,0.0,2
36,35,60,2,1,0.75,3,0.75,2,0.0,4
350,36,64,1,1,0.5,3,0.5,3,0.0,5
422,24,46,1,1,0.75,3,0.5,3,0.0,4
1,29,37,1,3,0.75,3,0.5,2,0.0,4
393,48,30,2,3,0.75,3,1.0,2,0.0,4
241,48,30,1,3,1.0,3,1.0,2,0.0,5
194,59,69,1,3,0.75,1,0.75,2,0.0,4
124,40,3,1,3,0.25,3,0.5,3,1.0,2
417,43,28,1,3,0.25,3,0.25,3,0.0,2
136,24,46,1,1,0.75,3,0.5,2,0.0,3
427,23,62,1,1,0.5,3,0.5,5,0.0,2
314,30,20,2,1,0.5,3,0.75,2,0.0,3
363,65,70,1,1,0.25,3,0.5,2,0.0,1
345,41,7,2,1,0.75,3,0.5,2,0.0,4
56,6,11,1,2,0.25,3,0.25,2,0.0,1
275,10,31,1,2,0.5,3,0.75,2,0.0,3
149,32,16,2,3,0.5,3,0.75,3,0.0,4
82,28,39,2,3,0.5,3,0.5,3,0.0,2
167,48,30,1,3,1.0,3,0.75,2,0.0,5
319,27,49,1,1,1.0,1,0.75,2,0.0,5
283,10,31,1,2,0.75,3,0.5,2,0.0,5
334,69,65,1,3,0.75,3,0.75,3,0.0,4
70,23,62,1,3,0.5,3,0.75,2,0.0,3
339,63,45,2,3,0.5,2,0.5,3,0.0,2
48,32,16,2,1,0.5,3,0.75,3,0.0,5
24,14,58,1,2,0.25,3,0.25,2,0.0,2
200,48,30,1,1,1.0,3,0.75,3,0.0,5
34,56,18,2,1,1.0,3,0.75,3,0.0,5
220,37,27,1,3,0.75,2,0.75,3,0.0,5
203,1,48,2,2,0.0,3,0.0,4,0.0,1
276,20,12,1,3,0.25,2,0.5,2,0.0,4
305,42,13,2,1,1.0,3,0.5,3,1.0,4
393,30,20,2,3,1.0,3,0.25,2,0.0,5
150,20,12,1,3,0.75,2,0.75,3,0.0,5
135,9,59,1,2,0.5,3,0.5,3,0.0,3
433,42,13,1,1,0.25,3,0.0,3,0.0,2
378,48,30,2,1,0.75,3,0.75,3,0.0,4
318,26,26,1,1,0.25,3,0.5,3,0.0,2
287,39,14,1,1,0.5,3,0.5,2,0.0,2
102,62,63,1,3,0.5,3,1.0,3,0.0,3
368,68,2,1,1,0.75,3,0.75,2,0.0,4
114,42,13,2,1,0.5,3,0.5,5,1.0,3
343,57,67,2,1,1.0,3,1.0,1,1.0,4
179,69,65,2,3,1.0,2,0.75,3,0.0,5
417,29,37,1,1,0.5,3,0.25,3,0.0,3
42,43,28,2,1,0.5,3,0.0,2,0.0,2
176,21,10,1,3,0.5,3,0.5,3,0.0,3
37,33,50,1,1,1.0,3,1.0,3,0.0,5
225,46,35,1,1,0.5,3,0.5,2,0.0,2
312,64,32,2,3,0.75,3,0.75,2,0.0,4
246,56,18,2,1,1.0,3,0.5,3,0.0,5
7,42,13,1,1,1.0,3,0.0,3,0.0,5
221,64,32,1,1,0.5,3,0.25,2,0.0,5
2,51,15,1,1,0.5,3,0.75,3,0.0,2
303,0,17,1,2,0.75,3,0.75,3,0.0,5
161,16,52,2,2,0.0,3,0.0,3,0.0,1
102,20,12,1,3,0.75,3,0.75,3,0.0,5
141,48,30,1,3,0.75,3,0.5,3,0.0,5
372,45,68,2,1,0.5,3,0.25,3,0.0,2
107,63,45,1,1,0.25,3,0.25,3,0.0,2
155,9,59,1,2,1.0,3,0.5,3,1.0,4
137,64,32,2,3,0.75,3,0.75,5,1.0,4
241,37,27,1,3,0.5,3,0.5,2,0.0,3
365,43,28,2,1,0.5,3,0.5,3,1.0,5
319,20,12,1,1,1.0,1,0.75,2,0.0,5
48,24,46,2,1,1.0,3,1.0,3,0.0,4
314,33,50,2,1,0.5,3,0.25,2,0.0,2
421,39,14,2,3,0.75,3,0.75,2,0.0,3
87,50,61,2,1,0.25,3,0.25,3,0.0,3
420,33,50,1,1,1.0,3,1.0,3,0.0,4
136,48,30,1,1,1.0,3,0.75,2,0.0,5
449,20,12,1,1,1.0,3,0.75,3,0.0,5
396,46,35,1,3,0.25,3,0.5,3,0.0,4
393,15,54,1,2,0.25,3,0.25,2,0.0,2
413,69,65,1,3,1.0,3,0.75,2,0.0,4
193,32,16,1,1,0.5,3,0.25,3,0.0,4
82,43,28,2,3,0.5,3,0.5,3,0.0,2
171,7,24,1,2,0.75,3,0.75,2,0.0,4
22,54,55,2,3,0.5,3,0.5,3,1.0,2
336,63,45,2,3,0.25,2,0.5,2,0.0,4
202,24,46,2,3,0.25,2,0.0,3,0.0,1
219,64,32,2,1,1.0,3,0.5,2,0.0,5
74,59,69,1,3,0.5,3,0.5,2,0.0,3
373,67,47,1,1,0.5,3,0.25,3,1.0,2
148,28,39,1,1,0.0,3,0.25,5,1.0,2
139,40,3,2,3,1.0,2,0.75,3,0.0,4
26,27,49,1,1,1.0,3,0.75,2,0.0,4
356,65,70,1,1,1.0,3,0.75,3,0.0,5
98,67,47,1,3,0.75,3,0.75,3,0.0,2
175,66,4,1,3,0.5,3,0.5,3,0.0,3
198,52,6,1,1,0.25,3,0.25,2,0.0,2
192,55,29,1,1,1.0,3,1.0,3,0.0,5
63,32,16,2,3,0.75,3,0.75,2,0.0,5
114,22,33,2,1,0.0,3,0.5,5,1.0,3
154,4,41,1,2,0.25,3,0.5,3,1.0,2
408,42,13,2,1,0.5,3,0.5,2,0.0,4
395,58,1,1,1,0.5,3,0.5,2,0.0,1
363,31,9,1,1,0.25,3,0.25,2,0.0,2
371,35,60,1,1,0.25,3,0.25,3,0.0,2
163,45,68,1,3,1.0,3,1.0,2,0.0,5
248,1,48,1,2,0.5,3,0.5,2,0.0,3
141,16,52,2,2,0.25,3,0.25,3,0.0,2
39,15,54,1,2,0.5,2,0.5,2,0.0,2
47,35,60,2,1,0.75,3,0.75,3,0.0,4
224,8,44,2,2,1.0,3,0.75,3,0.0,5
60,21,10,1,3,0.75,1,0.5,5,1.0,2
10,43,28,1,3,0.25,3,0.25,3,0.0,2
362,51,15,2,3,0.5,3,0.5,3,0.0,1
275,16,52,1,2,0.75,3,0.75,2,0.0,3
429,54,55,2,3,0.75,2,0.25,3,0.0,3
368,33,50,1,3,0.75,3,0.75,2,0.0,2
269,48,30,1,1,0.75,3,1.0,2,0.0,2
36,39,14,2,1,0.75,3,0.75,2,0.0,4
26,30,20,1,1,0.25,3,0.5,2,0.0,2
345,20,12,2,1,1.0,3,0.75,2,0.0,5
391,62,63,2,3,0.25,2,0.75,3,0.0,1
166,29,37,1,1,1.0,3,0.5,3,0.0,5
272,21,10,2,1,1.0,3,0.5,2,0.0,5
136,2,23,1,2,0.75,3,0.75,2,0.0,4
372,45,68,2,3,1.0,3,0.5,3,0.0,5
246,34,42,2,1,0.5,3,0.5,3,0.0,4
339,44,40,2,3,0.5,2,0.5,3,0.0,2
429,20,12,2,3,1.0,2,0.5,3,0.0,3
154,35,60,1,1,1.0,3,1.0,3,1.0,5
155,1,48,1,2,0.25,3,0.5,3,1.0,1
355,24,46,2,3,0.75,3,0.25,2,0.0,5
89,22,33,2,1,0.5,3,0.5,2,0.0,3
432,48,30,2,3,0.5,3,0.5,3,0.0,2
267,28,39,1,3,0.5,1,0.25,2,0.0,2
32,54,55,2,3,0.25,2,0.5,2,0.0,2
346,21,10,1,1,1.0,3,0.5,2,1.0,3
65,37,27,1,1,1.0,3,0.75,3,0.0,5
67,20,12,1,1,0.75,3,1.0,2,0.0,4
175,20,12,1,3,1.0,3,1.0,3,0.0,5
272,29,37,1,3,0.75,3,0.75,2,0.0,4
81,25,36,1,1,1.0,3,0.25,2,0.0,5
286,32,16,1,3,0.75,3,0.5,3,0.0,5
73,9,59,1,2,0.0,2,0.0,2,0.0,1
51,26,26,1,3,0.5,1,0.75,2,0.0,2
111,20,12,2,1,1.0,3,1.0,3,0.0,4
152,5,5,1,2,0.75,2,0.75,3,0.0,4
301,23,62,2,1,0.25,3,0.5,3,0.0,3
111,63,45,2,3,0.0,3,0.5,3,0.0,1
274,65,70,2,3,0.5,3,0.5,2,0.0,1
202,42,13,2,3,0.75,2,0.5,3,0.0,5
438,6,11,2,2,0.75,3,1.0,2,0.0,5
367,24,46,1,1,0.5,3,0.5,3,0.0,3
304,46,35,2,1,0.5,3,0.5,3,0.0,3
75,29,37,1,1,0.25,3,1.0,3,0.0,1
168,10,31,1,2,0.5,2,0.25,3,1.0,4
143,20,12,1,3,1.0,3,0.5,3,1.0,5
301,32,16,2,3,0.75,3,0.75,3,0.0,5
179,42,13,2,3,0.25,2,0.25,3,0.0,1
297,61,25,2,1,0.75,3,0.75,2,0.0,1
117,40,3,1,3,0.75,2,0.75,3,0.0,4
181,29,37,1,1,1.0,3,1.0,3,0.0,5
189,25,36,1,1,0.25,3,0.25,3,0.0,3
274,57,67,2,3,0.25,3,0.0,2,0.0,5
171,0,17,1,2,0.75,3,0.75,2,0.0,4
176,56,18,1,1,0.75,3,0.5,3,0.0,4
189,69,65,1,1,0.75,3,0.25,3,0.0,5
227,4,41,1,2,0.75,2,0.5,2,0.0,4
244,17,22,1,2,0.5,3,0.25,1,0.0,2
309,27,49,1,1,1.0,3,0.0,3,0.0,3
268,39,14,1,1,1.0,3,0.5,3,0.0,5
445,0,17,2,2,0.0,3,0.0,5,1.0,1
66,14,58,1,2,0.5,2,0.5,2,0.0,4
359,63,45,2,3,0.75,3,0.75,2,1.0,4
383,63,45,1,3,0.25,3,0.0,3,0.0,2
248,9,59,1,2,0.75,3,0.5,2,0.0,3
143,55,29,1,3,0.25,3,0.0,3,1.0,2
63,69,65,2,3,0.75,3,0.75,2,0.0,4
144,29,37,1,1,1.0,3,1.0,2,0.0,5
143,56,18,1,3,0.5,3,0.75,3,1.0,3
143,27,49,1,3,1.0,3,0.5,3,1.0,5
244,69,65,1,3,0.5,3,0.75,1,0.0,2
365,25,36,2,1,0.75,3,0.5,3,1.0,3
218,65,70,1,1,0.25,3,0.75,3,1.0,2
428,66,4,1,3,0.75,3,1.0,1,1.0,5
238,32,16,1,1,0.75,3,0.5,3,0.0,4
191,26,26,2,1,0.25,3,0.0,2,0.0,2
345,39,14,2,1,1.0,3,0.75,2,0.0,5
215,39,14,2,3,0.75,2,0.5,2,0.0,4
76,29,37,2,3,1.0,3,0.75,2,0.0,4
453,34,42,1,1,0.25,3,0.0,2,0.0,3
356,27,49,1,1,1.0,3,1.0,3,0.0,5
129,29,37,1,3,1.0,2,0.5,5,1.0,5
390,48,30,1,1,1.0,3,0.75,3,0.0,4
213,32,16,2,1,1.0,3,0.5,3,1.0,4
361,63,45,1,1,0.5,3,0.5,3,1.0,3
103,33,50,1,3,0.5,3,0.5,3,1.0,3
422,19,51,1,2,0.0,3,0.0,3,0.0,2
365,60,66,2,1,0.0,3,0.0,3,1.0,1
16,30,20,2,1,0.25,3,0.25,2,0.0,2
53,42,13,2,1,0.75,3,0.0,2,0.0,4
111,22,33,2,3,1.0,3,1.0,3,0.0,4
229,64,32,1,1,0.75,3,1.0,3,0.0,5
42,36,64,2,1,0.25,3,0.25,2,0.0,1
216,45,68,1,1,1.0,3,0.5,2,0.0,5
40,69,65,1,3,1.0,2,1.0,3,0.0,3
272,35,60,2,1,0.75,3,0.5,2,0.0,4
441,29,37,1,1,0.0,3,0.0,1,1.0,1
356,26,26,1,1,0.75,3,1.0,3,0.0,2
318,48,30,1,3,0.75,3,0.75,3,0.0,4
311,65,70,2,1,0.0,3,0.5,3,0.0,2
387,20,12,1,1,1.0,3,0.25,2,0.0,5
160,35,60,1,3,0.5,3,0.5,3,1.0,5
327,0,17,1,2,0.75,2,0.0,2,0.0,5
345,51,15,2,1,0.5,3,0.75,2,0.0,3
347,0,17,2,2,0.75,3,0.75,4,0.0,4
218,63,45,1,1,0.75,3,0.75,3,1.0,4
246,49,21,2,1,0.75,3,0.25,3,0.0,4
34,36,64,2,3,0.5,3,0.5,3,0.0,2
189,27,49,1,1,0.25,3,0.25,3,0.0,1
346,22,33,1,3,0.5,3,0.5,2,1.0,3
43,68,2,1,1,0.75,3,0.5,2,0.0,4
87,39,14,2,1,0.75,3,0.25,3,0.0,4
102,40,3,1,3,0.5,3,0.5,3,0.0,3
244,35,60,1,3,1.0,3,1.0,1,0.0,5
6,50,61,1,3,0.75,2,0.5,3,0.0,2
75,31,9,1,1,0.75,3,0.75,3,0.0,5
93,37,27,2,3,0.5,3,0.5,3,1.0,3
87,23,62,2,1,0.5,3,0.5,3,0.0,2
411,39,14,1,1,0.75,3,1.0,1,0.0,4
98,20,12,1,3,1.0,3,0.5,3,0.0,4
176,57,67,1,1,0.75,3,0.75,3,0.0,4
270,28,39,2,1,0.5,3,0.5,2,0.0,2
77,26,26,1,1,0.75,3,0.75,2,0.0,3
1,32,16,2,1,0.5,3,0.5,2,0.0,4
319,30,20,1,1,1.0,1,1.0,2,0.0,2
314,46,35,2,1,0.75,3,0.5,2,0.0,4
299,56,18,1,1,0.5,3,0.75,2,1.0,4
159,19,51,1,2,0.0,3,0.0,3,0.0,1
390,20,12,2,3,0.75,3,0.5,3,0.0,4
215,29,37,2,3,0.75,2,0.75,2,0.0,4
302,59,69,2,1,0.75,3,0.75,3,0.0,4
28,29,37,1,1,0.75,3,0.75,2,0.0,4
249,55,29,1,1,1.0,3,1.0,2,0.0,5
330,68,2,1,1,0.75,3,1.0,2,0.0,4
207,47,8,2,1,0.25,3,0.0,2,0.0,2
171,6,11,1,2,0.5,3,0.25,2,0.0,2
453,25,36,1,1,0.75,3,1.0,2,0.0,5
229,62,63,1,1,1.0,3,0.75,3,0.0,5
49,21,10,2,3,0.0,2,0.75,3,0.0,1
151,43,28,2,1,0.0,3,0.5,1,0.0,3
40,24,46,1,3,1.0,2,1.0,3,0.0,5
102,35,60,1,3,1.0,3,1.0,3,0.0,5
310,10,31,2,2,0.25,3,0.0,2,0.0,1
111,20,12,2,3,1.0,3,1.0,3,0.0,4
181,64,32,1,1,0.75,3,0.5,3,0.0,5
413,63,45,1,3,0.25,3,0.0,2,0.0,1
306,1,48,1,2,0.5,2,0.25,2,0.0,2
248,31,9,1,1,1.0,3,0.75,2,0.0,5
300,22,33,1,3,0.75,3,0.5,2,0.0,4
55,39,14,2,1,0.5,3,0.75,2,0.0,4
265,25,36,1,3,0.75,3,0.75,3,0.0,5
27,67,47,1,1,0.0,3,0.25,3,0.0,2
78,68,2,2,1,0.0,3,0.0,1,1.0,4
294,25,36,2,3,1.0,2,0.5,2,0.0,5
383,45,68,1,1,1.0,3,0.75,3,0.0,4
172,59,69,2,3,1.0,1,0.75,3,1.0,5
105,20,12,1,3,0.5,3,0.5,3,0.0,2
149,68,2,2,3,0.5,3,0.75,3,0.0,4
237,57,67,1,1,0.25,3,0.5,3,0.0,2
60,69,65,1,3,0.75,1,1.0,5,1.0,5
381,27,49,1,3,0.5,3,0.5,3,0.0,3
440,29,37,2,3,0.5,2,0.5,3,0.0,4
59,40,3,2,3,0.75,3,0.75,3,0.0,5
150,29,37,1,3,0.75,2,1.0,3,0.0,4
246,39,14,2,1,0.5,3,0.25,3,0.0,4
64,22,33,1,1,0.0,3,0.25,3,0.0,2
339,20,12,2,3,1.0,2,1.0,3,0.0,5
395,41,7,1,1,0.75,3,0.5,2,0.0,3
190,3,38,2,2,0.75,3,0.5,3,0.0,3
293,29,37,2,1,1.0,3,0.75,3,0.0,5
160,22,33,1,3,0.75,3,0.5,3,1.0,4
127,31,9,1,3,1.0,1,0.5,2,0.0,4
122,60,66,2,3,0.75,3,0.5,2,0.0,4
24,68,2,1,1,1.0,3,1.0,2,0.0,5
60,37,27,1,3,0.5,1,0.5,5,1.0,3
180,0,17,1,2,0.75,3,0.75,3,0.0,4
373,60,66,1,1,0.5,3,0.25,3,1.0,2
434,20,12,1,3,1.0,2,1.0,5,1.0,5
429,52,6,2,3,0.0,2,0.25,3,0.0,1
65,29,37,1,1,0.0,3,0.0,3,0.0,1
394,43,28,1,1,0.75,3,0.75,4,0.0,4
86,27,49,1,3,0.5,3,0.5,3,0.0,3
365,33,50,2,1,0.25,3,0.75,3,1.0,1
184,20,12,1,1,0.5,3,0.75,3,0.0,2
255,22,33,2,3,0.0,2,0.5,2,0.0,2
67,44,40,1,1,0.5,3,0.25,2,0.0,2
260,48,30,2,1,0.5,3,0.5,2,0.0,4
137,31,9,2,1,0.75,3,0.75,5,1.0,4
70,56,18,1,3,0.0,3,0.25,2,0.0,1
37,68,2,1,1,0.75,3,0.5,3,0.0,4
320,0,17,1,2,0.75,2,0.5,3,0.0,5
305,48,30,1,3,0.75,3,0.5,3,1.0,4
386,60,66,2,1,0.5,3,0.25,2,0.0,2
78,56,18,2,1,0.5,3,0.25,1,1.0,3
52,45,68,1,1,1.0,3,0.5,3,0.0,5
302,57,67,2,1,1.0,3,0.75,3,0.0,5
146,55,29,1,3,0.75,3,1.0,2,0.0,4
390,24,46,2,3,0.75,3,0.5,3,0.0,4
262,67,47,1,1,0.0,3,0.0,2,1.0,1
292,29,37,1,3,0.75,3,1.0,3,0.0,4
10,69,65,1,1,1.0,3,0.5,3,0.0,5
181,48,30,1,1,0.5,3,0.75,3,0.0,4
123,43,28,1,3,0.5,1,0.25,2,0.0,2
214,69,65,1,3,0.25,3,0.25,2,0.0,1
372,59,69,2,1,0.75,3,0.25,3,0.0,2
24,58,1,1,1,1.0,3,1.0,2,0.0,5
302,48,30,2,1,1.0,3,0.75,3,0.0,5
373,10,31,1,2,0.5,3,0.5,3,1.0,2
324,38,57,1,3,0.5,3,0.5,2,0.0,2
34,39,14,2,3,0.75,3,0.75,3,0.0,4
98,26,26,1,1,0.0,3,0.75,3,0.0,1
346,33,50,1,1,0.5,3,0.5,2,1.0,1
104,39,14,2,3,0.25,2,0.25,3,1.0,1
72,46,35,2,1,0.75,3,0.75,2,0.0,4
368,23,62,1,3,0.75,3,1.0,2,0.0,5
422,31,9,2,3,0.25,3,0.75,3,0.0,2
206,16,52,1,2,0.25,3,0.5,3,0.0,3
136,62,63,1,1,0.75,3,0.5,2,0.0,4
302,61,25,2,3,1.0,3,0.5,3,0.0,5
380,54,55,1,1,0.75,3,0.5,3,0.0,3
317,32,16,1,1,0.0,3,0.5,5,1.0,1
442,53,19,1,1,0.75,3,0.5,3,0.0,3
410,0,17,2,2,0.0,3,0.5,4,0.0,3
321,24,46,1,3,0.5,3,0.25,2,0.0,1
312,29,37,2,1,1.0,3,1.0,2,0.0,5
35,26,26,1,1,0.0,3,0.0,2,0.0,1
334,25,36,1,3,0.75,3,0.75,3,0.0,4
245,58,1,1,3,0.75,3,0.75,5,0.0,5
194,63,45,1,3,1.0,1,1.0,2,0.0,5
47,66,4,2,1,0.0,3,0.0,3,0.0,1
47,35,60,2,3,0.75,3,0.75,3,0.0,4
283,16,52,1,2,0.0,3,0.25,2,0.0,1
175,27,49,1,3,0.5,3,0.5,3,0.0,3
188,34,42,1,3,0.75,1,0.75,5,1.0,5
177,39,14,2,3,0.5,2,0.5,3,1.0,2
210,24,46,2,3,0.25,2,0.25,3,0.0,1
105,61,25,1,3,0.5,3,0.5,3,0.0,2
351,20,12,2,1,1.0,3,0.5,2,0.0,5
192,48,30,1,1,1.0,3,1.0,3,0.0,5
272,41,7,1,3,1.0,3,0.75,2,0.0,4
360,22,33,1,1,0.25,3,0.0,2,0.0,1
18,24,46,1,1,1.0,3,0.75,2,0.0,4
11,17,22,1,2,0.5,2,0.5,2,0.0,1
335,21,10,1,1,0.25,3,0.25,5,1.0,2
431,56,18,2,1,0.25,3,0.25,3,0.0,2
424,67,47,2,1,0.25,3,0.5,3,0.0,2
136,59,69,1,3,1.0,3,0.75,2,0.0,5
114,31,9,2,3,0.0,3,0.5,5,1.0,1
375,67,47,2,3,0.5,3,0.5,2,0.0,3
279,60,66,1,1,0.75,3,0.5,2,0.0,4
158,26,26,1,1,1.0,3,0.75,3,1.0,5
438,13,34,2,2,0.75,3,0.75,2,0.0,4
160,2,23,1,2,0.5,3,0.75,3,1.0,4
331,15,54,2,2,0.75,3,0.75,2,0.0,4
160,27,49,1,1,0.75,3,0.75,3,1.0,5
244,40,3,1,1,0.75,3,0.75,1,0.0,4
385,39,14,2,1,0.75,3,0.75,2,0.0,5
386,27,49,2,1,0.5,3,0.75,2,0.0,4
131,22,33,2,1,0.5,3,0.25,2,0.0,3
209,13,34,1,2,0.5,2,0.75,3,1.0,3
246,25,36,2,1,0.5,3,0.25,3,0.0,4
218,54,55,1,3,0.25,3,0.5,3,1.0,2
399,21,10,1,1,0.25,3,0.25,3,0.0,3
203,7,24,2,2,0.75,3,0.75,4,0.0,4
28,68,2,1,1,0.75,3,0.75,2,0.0,4
173,31,9,1,3,0.0,2,0.0,3,1.0,1
437,25,36,1,3,0.75,2,0.75,2,0.0,4
301,53,19,2,3,0.25,3,0.25,3,0.0,3
172,56,18,2,3,0.75,1,0.75,3,1.0,4
246,31,9,2,1,0.5,3,0.5,3,0.0,4
369,19,51,1,2,0.5,2,0.25,2,0.0,2
172,63,45,2,3,0.25,1,0.5,3,1.0,2
438,10,31,2,2,0.0,3,0.25,2,0.0,2
310,36,64,2,3,0.5,3,0.5,2,0.0,1
443,46,35,1,3,1.0,1,0.5,2,0.0,5
20,1,48,1,2,0.5,2,0.5,2,0.0,2
400,62,63,1,3,0.75,1,1.0,3,1.0,4
408,65,70,2,1,0.5,3,0.5,2,0.0,2
71,62,63,1,3,1.0,3,0.75,3,0.0,5
308,11,43,1,2,0.75,2,0.75,2,0.0,4
142,24,46,1,1,0.25,3,0.5,3,0.0,2
63,58,1,2,1,1.0,3,0.75,2,0.0,4
185,10,31,1,2,0.75,2,1.0,2,0.0,5
435,29,37,2,1,0.5,3,0.5,2,0.0,3
300,24,46,1,3,0.75,3,0.75,2,0.0,5
74,28,39,1,3,0.25,3,0.5,2,0.0,2
396,23,62,1,3,0.25,3,0.25,3,0.0,1
130,31,9,2,3,1.0,2,1.0,3,0.0,5
354,28,39,1,1,0.5,3,0.25,3,0.0,2
40,26,26,1,3,1.0,2,1.0,3,0.0,3
436,28,39,1,1,0.25,3,0.25,3,0.0,2
93,46,35,1,1,0.5,3,0.5,3,1.0,3
382,56,18,2,3,0.75,2,0.25,2,0.0,2
183,2,23,1,2,0.75,3,0.75,3,0.0,4
291,24,46,2,1,0.5,3,0.5,2,0.0,2
170,1,48,1,2,0.0,3,0.0,3,0.0,1
118,46,35,1,3,0.75,3,0.5,3,1.0,5
274,32,16,2,3,0.5,3,0.25,2,0.0,4
254,22,33,1,1,0.25,3,0.25,2,0.0,1
91,39,14,1,1,0.5,3,0.25,2,0.0,2
114,20,12,2,3,1.0,3,1.0,5,1.0,4
147,28,39,2,1,0.5,3,0.5,3,0.0,3
260,58,1,2,1,1.0,3,0.75,2,0.0,5
300,55,29,1,3,0.5,3,0.25,2,0.0,2
395,33,50,1,1,1.0,3,0.5,2,0.0,5
428,37,27,1,3,0.75,3,0.5,1,1.0,4
79,66,4,1,3,1.0,3,0.75,2,0.0,5
285,39,14,1,1,1.0,3,0.75,2,0.0,4
143,28,39,1,3,1.0,3,0.75,3,1.0,5
92,21,10,2,3,0.25,2,0.5,2,0.0,2
288,23,62,1,1,0.25,3,0.25,3,0.0,2
367,9,59,1,2,1.0,3,0.5,3,0.0,5
359,59,69,1,1,0.75,3,1.0,2,1.0,4
238,34,42,1,1,0.5,3,0.25,3,0.0,4
212,68,2,2,3,0.5,2,0.5,3,0.0,4
387,32,16,1,1,0.5,3,0.75,2,0.0,3
24,30,20,1,1,1.0,3,0.75,2,0.0,5
328,26,26,1,1,0.25,3,0.5,2,0.0,1
107,67,47,1,1,0.5,3,0.25,3,0.0,2
284,34,42,1,3,0.5,3,0.5,3,0.0,3
430,64,32,2,1,1.0,1,1.0,2,0.0,5
427,48,30,1,1,0.5,3,0.5,5,0.0,4
450,68,2,1,1,1.0,3,0.75,2,0.0,5
431,20,12,2,3,0.75,3,0.75,3,0.0,4
34,23,62,2,1,0.25,3,0.5,3,0.0,3
274,51,15,2,3,0.5,3,0.5,2,0.0,1
376,26,26,2,1,0.5,3,0.25,3,0.0,2
334,29,37,1,3,0.0,3,0.5,3,0.0,1
26,31,9,1,1,0.75,3,0.25,2,0.0,4
249,48,30,1,1,0.5,3,0.25,2,0.0,2
397,26,26,2,3,0.5,2,0.25,2,0.0,2
244,0,17,1,2,1.0,3,0.5,1,0.0,5
133,24,46,1,1,0.75,3,0.5,2,0.0,4
46,0,17,1,2,1.0,3,1.0,3,0.0,5
315,53,19,1,1,1.0,3,1.0,3,0.0,5
403,25,36,2,1,1.0,3,0.75,2,0.0,5
59,48,30,2,3,0.75,3,0.75,3,0.0,4
300,60,66,1,3,0.75,3,0.5,2,0.0,4
74,29,37,1,3,0.75,3,0.75,2,0.0,5
254,33,50,1,1,0.25,3,0.25,2,0.0,1
424,64,32,2,3,1.0,3,0.75,3,0.0,4
371,63,45,1,1,0.5,3,0.5,3,0.0,2
256,63,45,2,1,0.25,3,0.75,2,0.0,1
267,20,12,1,3,0.75,1,0.5,2,0.0,4
232,30,20,1,1,0.5,3,0.5,3,0.0,5
124,32,16,1,3,1.0,3,0.75,3,1.0,5
83,48,30,1,1,0.75,3,0.75,5,1.0,4
99,38,57,1,1,0.5,3,0.5,3,0.0,3
397,22,33,2,3,0.5,2,0.25,2,0.0,2
139,27,49,2,3,1.0,2,1.0,3,0.0,5
414,47,8,1,3,0.25,3,0.75,2,0.0,2
40,57,67,1,3,1.0,2,1.0,3,0.0,5
111,67,47,2,1,0.25,3,0.25,3,0.0,2
406,63,45,1,1,0.75,3,0.5,2,0.0,4
246,53,19,2,1,1.0,3,0.25,3,0.0,5
276,31,9,1,3,0.5,2,0.25,2,0.0,2
136,32,16,1,3,1.0,3,1.0,2,0.0,5
144,35,60,1,1,1.0,3,0.75,2,0.0,4
50,47,8,1,1,0.25,3,0.5,2,0.0,2
326,16,52,1,2,0.25,3,0.0,1,1.0,2
293,69,65,2,1,0.5,3,0.5,3,0.0,4
272,61,25,1,3,0.0,3,0.25,2,0.0,1
152,7,24,1,2,0.75,2,0.75,3,0.0,4
205,5,5,1,2,0.75,2,0.25,2,0.0,1
244,46,35,1,3,0.5,3,0.5,1,0.0,4
303,59,69,2,3,0.75,3,1.0,3,0.0,4
75,56,18,1,1,0.5,3,0.5,3,0.0,4
377,48,30,1,1,0.75,3,0.75,2,1.0,5
104,42,13,2,3,0.25,2,0.5,3,1.0,2
334,32,16,1,3,1.0,3,1.0,3,0.0,5
280,51,15,2,1,0.0,3,0.75,2,0.0,2
423,17,22,1,2,1.0,3,1.0,3,1.0,5
90,64,32,1,3,1.0,3,1.0,3,0.0,5
403,68,2,1,3,1.0,3,0.5,2,0.0,3
241,32,16,1,1,0.0,3,0.0,2,0.0,1
47,51,15,2,1,0.75,3,1.0,3,0.0,4
53,24,46,2,1,0.0,3,0.75,2,0.0,1
230,39,14,2,1,1.0,3,0.75,3,0.0,5
92,31,9,2,3,1.0,2,0.75,2,0.0,4
424,67,47,2,3,0.25,3,0.5,3,0.0,2
315,57,67,1,1,1.0,3,1.0,3,0.0,5
327,18,53,1,2,0.5,2,0.0,2,0.0,4
143,30,20,1,3,0.25,3,0.5,3,1.0,2
308,15,54,1,2,0.25,2,0.25,2,0.0,2
342,67,47,1,1,0.25,3,0.25,2,0.0,2
158,0,17,1,2,0.5,3,0.75,3,1.0,3
61,66,4,1,1,0.75,3,0.5,2,0.0,4
417,61,25,1,3,1.0,3,0.75,3,0.0,5
92,50,61,2,3,0.25,2,0.5,2,0.0,2
148,33,50,1,1,0.75,3,0.25,5,1.0,4
399,20,12,1,1,0.25,3,0.5,3,0.0,2
9,13,34,1,2,1.0,2,1.0,3,0.0,5
350,40,3,1,1,0.5,3,0.75,3,0.0,3
22,48,30,2,3,0.0,3,0.5,3,1.0,1
420,57,67,1,3,0.25,3,0.25,3,0.0,1
296,0,17,1,2,0.75,3,0.75,3,1.0,5
154,25,36,1,1,0.75,3,0.75,3,1.0,5
279,22,33,1,3,0.5,3,0.5,2,0.0,2
236,5,5,1,2,0.25,2,0.5,2,0.0,2
385,33,50,2,1,0.75,3,0.75,2,0.0,5
124,57,67,1,1,1.0,3,1.0,3,1.0,5
162,20,12,2,3,0.75,2,0.75,3,0.0,4
160,24,46,1,3,0.5,3,0.5,3,1.0,4
301,49,21,2,1,0.5,3,0.75,3,0.0,5
196,20,12,2,3,0.5,2,0.5,3,0.0,4
441,32,16,1,1,0.75,3,0.25,1,1.0,4
235,53,19,1,1,0.25,1,0.75,2,0.0,2
382,29,37,2,3,0.75,2,0.25,2,0.0,5
205,4,41,1,2,0.75,2,0.25,2,0.0,1
238,40,3,1,1,0.5,3,0.5,3,0.0,5
79,23,62,1,3,0.75,3,0.75,2,0.0,5
346,29,37,1,3,1.0,3,0.5,2,1.0,4
140,8,44,1,2,0.75,2,0.5,2,0.0,4
246,60,66,2,1,0.5,3,0.5,3,0.0,4
380,53,19,1,1,0.75,3,0.5,3,0.0,5
267,60,66,1,3,0.75,1,0.5,2,0.0,4
93,30,20,1,1,0.5,3,0.0,3,1.0,2
329,61,25,1,3,0.75,2,0.5,2,0.0,3
377,52,6,1,1,0.5,3,0.5,2,1.0,1
114,41,7,2,3,0.25,3,0.25,5,1.0,1
387,37,27,1,1,1.0,3,0.25,2,0.0,5
266,24,46,1,1,0.75,3,0.75,3,0.0,4
78,22,33,1,3,0.75,3,0.25,1,1.0,5
6,29,37,1,3,1.0,2,1.0,3,0.0,3
20,0,17,1,2,0.5,2,0.5,2,0.0,2
85,37,27,1,1,0.75,3,1.0,2,0.0,4
232,31,9,1,1,0.75,3,0.75,3,0.0,4
293,21,10,2,1,0.25,3,0.75,3,0.0,2
447,25,36,1,1,0.5,3,0.5,2,0.0,4
228,29,37,2,1,0.0,3,0.0,5,1.0,2
109,65,70,1,1,0.5,3,0.0,1,1.0,3
434,59,69,1,3,0.5,2,0.25,5,1.0,3
283,15,54,1,2,0.25,3,0.0,2,0.0,2
229,45,68,1,1,0.75,3,0.75,3,0.0,5
137,21,10,2,1,0.0,3,0.0,5,1.0,1
62,51,15,2,1,1.0,3,1.0,3,1.0,5
160,30,20,1,1,0.25,3,0.25,3,1.0,1
2,43,28,1,1,0.75,3,0.75,3,0.0,2
438,11,43,2,2,0.75,3,1.0,2,0.0,4
105,50,61,1,1,0.25,3,0.5,3,0.0,2
99,31,9,1,1,1.0,3,1.0,3,0.0,5
53,60,66,2,1,0.75,3,0.25,2,0.0,4
433,47,8,1,1,0.25,3,0.0,3,0.0,1
349,34,42,1,1,0.5,3,0.5,3,1.0,3
22,28,39,2,3,0.0,3,1.0,3,1.0,1
275,15,54,1,2,0.75,3,0.75,2,0.0,4
399,35,60,1,1,1.0,3,0.75,3,0.0,4
148,45,68,1,1,0.75,3,0.5,5,1.0,5
400,53,19,1,3,0.5,1,1.0,3,1.0,1
391,35,60,2,3,0.0,2,0.75,3,0.0,1
122,62,63,2,3,1.0,3,0.75,2,0.0,5
228,27,49,2,1,0.0,3,0.0,5,1.0,2
229,68,2,1,1,1.0,3,1.0,3,0.0,5
73,4,41,1,2,0.25,2,0.0,2,0.0,1
308,9,59,1,2,0.25,2,0.25,2,0.0,2
378,29,37,2,1,0.75,3,0.75,3,0.0,5
363,48,30,1,1,0.5,3,0.5,2,0.0,5
316,39,14,2,3,0.75,3,0.75,3,0.0,4
278,34,42,2,3,0.5,2,0.0,2,0.0,1
291,21,10,2,1,0.25,3,0.5,2,0.0,1
250,31,9,1,3,1.0,3,0.75,3,0.0,5
206,9,59,1,2,1.0,3,1.0,3,0.0,5
321,29,37,1,3,0.75,3,0.75,2,0.0,4
406,37,27,1,1,0.5,3,0.5,2,0.0,1
136,13,34,1,2,0.5,3,0.5,2,0.0,3
417,35,60,1,3,0.0,3,0.0,3,0.0,1
20,2,23,1,2,0.5,2,0.5,2,0.0,4
212,67,47,2,3,0.75,2,0.25,3,0.0,2
137,65,70,2,1,1.0,3,0.75,5,1.0,5
141,7,24,2,2,0.75,3,0.75,3,0.0,4
319,48,30,1,1,0.75,1,0.75,2,0.0,5
147,33,50,2,1,1.0,3,1.0,3,0.0,5
19,16,52,1,2,1.0,2,0.5,3,0.0,5
354,57,67,1,1,0.75,3,0.5,3,0.0,3
396,48,30,1,3,0.0,3,0.25,3,0.0,2
155,42,13,1,1,0.0,3,0.0,3,1.0,3
138,15,54,2,2,0.25,3,0.5,2,0.0,2
363,29,37,1,1,0.75,3,0.5,2,0.0,5
136,23,62,1,3,0.0,3,0.25,2,0.0,1
51,41,7,1,3,0.5,1,1.0,2,0.0,4
160,14,58,1,2,0.25,3,0.0,3,1.0,1
379,51,15,2,1,0.75,3,0.5,3,0.0,5
265,20,12,1,3,0.75,3,1.0,3,0.0,5
287,21,10,1,1,0.5,3,0.5,2,0.0,2
302,31,9,2,1,0.75,3,0.5,3,0.0,4
281,32,16,1,1,0.75,3,0.75,5,1.0,4
88,4,41,2,2,0.25,3,0.25,2,0.0,3
112,32,16,1,3,0.0,2,0.5,5,1.0,2
396,43,28,1,3,0.0,3,0.25,3,0.0,2
215,30,20,2,3,0.5,2,0.5,2,0.0,4
426,13,34,2,2,0.0,3,0.0,2,0.0,1
143,46,35,1,3,0.75,3,0.75,3,1.0,4
331,1,48,2,2,0.25,3,0.25,2,0.0,2
49,56,18,2,3,1.0,2,0.25,3,0.0,5
355,37,27,2,3,0.75,3,0.5,2,0.0,5
364,64,32,2,1,0.75,3,0.75,3,0.0,5
34,63,45,2,3,0.0,3,0.25,3,0.0,2
384,56,18,1,3,0.75,1,0.75,3,0.0,4
444,28,39,2,3,0.5,2,0.5,3,0.0,2
327,13,34,1,2,0.5,2,0.0,2,0.0,3
343,24,46,2,1,0.75,3,0.75,1,1.0,5
155,63,45,1,1,0.0,3,0.25,3,1.0,1
199,23,62,1,1,0.5,3,0.25,5,1.0,2
431,30,20,2,3,1.0,3,0.75,3,0.0,5
368,29,37,1,3,0.75,3,0.75,2,0.0,3
133,39,14,1,1,0.75,3,0.5,2,0.0,5
141,59,69,1,3,0.75,3,0.5,3,0.0,5
122,62,63,2,1,1.0,3,0.75,2,0.0,5
299,28,39,1,1,0.75,3,0.75,2,1.0,5
280,17,22,2,2,0.0,3,0.5,2,0.0,1
82,53,19,1,1,0.75,3,0.75,3,0.0,4
22,65,70,2,3,0.25,3,0.25,3,1.0,2
136,68,2,1,3,1.0,3,1.0,2,0.0,5
305,31,9,2,1,1.0,3,0.5,3,1.0,5
81,48,30,1,1,0.75,3,0.75,2,0.0,4
310,18,53,2,2,0.25,3,0.0,2,0.0,1
299,20,12,1,1,0.75,3,0.75,2,1.0,4
272,58,1,1,3,1.0,3,0.75,2,0.0,5
206,30,20,1,1,0.0,3,0.25,3,0.0,1
425,68,2,1,3,1.0,3,0.75,3,0.0,4
128,21,10,1,3,0.0,3,0.5,2,0.0,2
380,22,33,1,1,1.0,3,0.5,3,0.0,5
449,44,40,1,1,0.0,3,0.25,3,0.0,1
412,28,39,1,1,0.5,1,0.5,3,1.0,2
281,53,19,1,1,1.0,3,1.0,5,1.0,5
390,28,39,1,1,0.0,3,0.25,3,0.0,2
70,61,25,1,3,0.75,3,0.75,2,0.0,5
387,62,63,1,1,1.0,3,0.25,2,0.0,4
371,59,69,1,3,0.25,3,0.5,3,0.0,1
422,30,20,2,3,0.5,3,0.75,3,0.0,5
413,67,47,1,3,0.25,3,0.0,2,0.0,2
417,29,37,1,3,1.0,3,1.0,3,0.0,5
428,43,28,1,3,1.0,3,0.75,1,1.0,5
58,67,47,1,3,0.25,3,0.75,3,0.0,1
191,32,16,2,1,1.0,3,0.75,2,0.0,5
34,62,63,2,3,0.75,3,0.5,3,0.0,3
440,22,33,2,3,0.75,2,0.25,3,0.0,2
392,10,31,2,2,1.0,3,0.75,3,0.0,5
70,26,26,1,3,0.25,3,0.25,2,0.0,2
302,37,27,2,3,0.5,3,0.5,3,0.0,2
160,0,17,1,2,0.5,3,0.75,3,1.0,3
230,29,37,2,1,0.75,3,0.75,3,0.0,5
351,63,45,2,1,0.5,3,1.0,2,0.0,1
435,20,12,2,1,0.75,3,1.0,2,0.0,4
158,8,44,1,2,1.0,3,0.75,3,1.0,5
434,62,63,1,3,0.0,2,0.75,5,1.0,1
262,54,55,1,1,0.5,3,0.5,2,1.0,3
24,18,53,1,2,1.0,3,0.75,2,0.0,5
4,24,46,1,1,0.25,3,0.5,3,1.0,2
218,53,19,1,1,0.25,3,0.75,3,1.0,2
368,28,39,1,1,0.5,3,0.75,2,0.0,3
10,64,32,1,1,0.75,3,1.0,3,0.0,4
28,50,61,1,1,0.5,3,0.5,2,0.0,4
119,34,42,1,1,0.75,3,0.5,5,1.0,5
313,24,46,2,1,0.75,3,0.5,3,0.0,4
263,32,16,2,3,0.25,2,0.25,3,0.0,1
34,39,14,2,1,0.75,3,0.75,3,0.0,4
265,66,4,1,1,0.75,3,0.5,3,0.0,5
214,39,14,1,3,0.25,3,0.25,2,0.0,1
379,55,29,2,1,0.5,3,0.25,3,0.0,4
9,10,31,1,2,1.0,2,0.0,3,0.0,1
57,19,51,2,2,0.5,3,0.25,2,0.0,2
105,26,26,1,3,0.75,3,0.75,3,0.0,2
287,38,57,1,1,0.5,3,0.5,2,0.0,3
1,22,33,1,3,0.5,3,0.5,2,0.0,2
226,41,7,2,3,0.5,2,0.0,1,0.0,4
383,32,16,1,3,0.0,3,0.0,3,0.0,2
321,41,7,1,3,0.25,3,0.0,2,0.0,2
28,36,64,1,1,1.0,3,0.75,2,0.0,5
193,37,27,1,1,0.25,3,0.25,3,0.0,1
95,13,34,1,2,1.0,2,1.0,2,0.0,5
414,21,10,2,1,0.5,3,0.5,2,0.0,3
137,21,10,2,3,0.0,3,0.0,5,1.0,1
223,39,14,2,1,0.75,3,0.75,2,0.0,4
13,69,65,1,3,0.5,2,0.5,5,0.0,3
150,59,69,1,3,0.75,2,1.0,3,0.0,4
350,42,13,1,1,0.5,3,0.75,3,0.0,4
207,59,69,2,1,0.5,3,0.5,2,0.0,4
45,14,58,1,2,0.25,2,0.5,2,0.0,2
317,27,49,1,1,0.5,3,0.5,5,1.0,3
154,18,53,1,2,0.75,3,0.75,3,1.0,5
150,25,36,1,3,0.5,2,0.5,3,0.0,2
100,10,31,2,2,1.0,3,1.0,3,0.0,5
35,21,10,1,1,0.0,3,0.0,2,0.0,2
374,63,45,2,3,1.0,3,0.75,3,0.0,5
195,15,54,2,2,1.0,3,0.75,3,0.0,4
49,22,33,2,3,0.0,2,0.75,3,0.0,1
111,68,2,2,1,0.75,3,0.75,3,0.0,5
240,35,60,1,1,0.0,3,0.0,1,1.0,1
376,27,49,2,1,1.0,3,0.5,3,0.0,5
329,63,45,1,3,0.5,2,0.25,2,0.0,2
345,33,50,2,1,0.75,3,0.5,2,0.0,4
5,15,54,1,2,0.25,2,0.5,2,0.0,2
82,32,16,2,3,0.75,3,0.5,3,0.0,4
438,7,24,2,2,0.5,3,0.75,2,0.0,5
382,54,55,2,3,0.75,2,0.25,2,0.0,2
246,32,16,2,1,0.75,3,0.25,3,0.0,3
338,61,25,2,3,1.0,2,0.5,2,0.0,5
186,40,3,1,3,1.0,2,0.5,5,1.0,5
437,32,16,1,3,0.75,2,0.5,2,0.0,1
393,59,69,1,1,0.25,3,0.25,2,0.0,2
223,36,64,2,1,0.5,3,0.25,2,0.0,2
154,50,61,1,1,0.0,3,0.25,3,1.0,3
195,0,17,2,2,1.0,3,0.75,3,0.0,5
171,1,48,1,2,0.5,3,0.25,2,0.0,2
436,30,20,1,1,0.75,3,0.75,3,0.0,4
360,51,15,1,1,0.0,3,0.0,2,0.0,1
184,45,68,1,1,1.0,3,1.0,3,0.0,5
77,68,2,1,1,0.5,3,0.75,2,0.0,3
294,64,32,2,3,1.0,2,0.5,2,0.0,5
293,23,62,2,1,0.5,3,0.5,3,0.0,4
272,21,10,1,3,1.0,3,0.75,2,0.0,5
170,3,38,1,2,0.5,3,0.5,3,0.0,3
304,69,65,2,1,0.75,3,0.75,3,0.0,4
112,46,35,1,3,0.5,2,0.75,5,1.0,4
116,25,36,1,1,0.5,3,0.5,2,0.0,4
382,28,39,2,3,0.75,2,0.25,2,0.0,4
150,53,19,1,3,0.75,2,1.0,3,0.0,4
143,31,9,1,3,0.75,3,0.5,3,1.0,4
141,68,2,1,3,0.75,3,0.5,3,0.0,5
97,0,17,1,2,1.0,3,0.75,2,0.0,5
330,63,45,1,1,0.5,3,0.5,2,0.0,4
117,20,12,1,3,0.25,2,0.25,3,0.0,1
422,20,12,2,3,1.0,3,0.25,3,0.0,5
257,24,46,2,3,0.75,3,0.75,3,0.0,4
143,39,14,1,3,0.75,3,0.5,3,1.0,4
145,68,2,1,3,1.0,3,1.0,2,0.0,5
244,30,20,1,3,1.0,3,1.0,1,0.0,5
274,55,29,2,3,0.25,3,0.0,2,0.0,3
54,57,67,2,3,1.0,3,1.0,3,0.0,5
442,60,66,1,1,0.75,3,1.0,3,0.0,3
220,20,12,1,3,0.75,2,0.5,3,0.0,4
331,17,22,2,2,0.25,3,0.25,2,0.0,2
335,48,30,1,1,0.75,3,1.0,5,1.0,4
70,67,47,1,3,0.75,3,0.75,2,0.0,5
103,50,61,1,3,0.0,3,0.5,3,1.0,2
124,66,4,1,3,0.75,3,1.0,3,1.0,3
8,17,22,1,2,0.5,2,0.5,2,0.0,3
148,25,36,1,1,0.0,3,0.0,5,1.0,3
194,27,49,1,3,0.25,1,0.75,2,0.0,1
373,23,62,1,1,0.75,3,0.75,3,1.0,3
189,67,47,1,1,1.0,3,0.5,3,0.0,5
184,27,49,1,1,0.75,3,1.0,3,0.0,5
195,6,11,2,2,0.75,3,0.75,3,0.0,4
27,48,30,2,3,0.75,3,0.75,3,0.0,4
124,53,19,1,3,1.0,3,1.0,3,1.0,3
158,13,34,1,2,1.0,3,0.75,3,1.0,5
375,67,47,2,1,0.5,3,0.5,2,0.0,3
93,0,17,1,2,0.75,3,0.5,3,1.0,3
70,59,69,1,3,0.75,3,1.0,2,0.0,4
125,35,60,1,3,1.0,3,0.75,2,0.0,5
420,24,46,1,1,1.0,3,1.0,3,0.0,5
52,61,25,1,1,1.0,3,0.5,3,0.0,5
248,12,56,1,2,0.5,3,0.75,2,0.0,4
286,24,46,1,3,0.75,3,0.75,3,0.0,5
79,60,66,1,3,1.0,3,0.75,2,0.0,5
164,4,41,2,2,0.5,3,0.5,2,0.0,3
365,21,10,2,1,0.0,3,0.0,3,1.0,1
420,32,16,1,1,1.0,3,1.0,3,0.0,5
40,42,13,1,3,1.0,2,1.0,3,0.0,5
48,22,33,2,1,0.25,3,0.25,3,0.0,2
222,23,62,1,3,0.25,3,0.75,3,0.0,1
79,33,50,1,1,0.5,3,0.25,2,0.0,2
238,52,6,1,1,0.5,3,0.25,3,0.0,2
186,33,50,1,3,0.5,2,0.5,5,1.0,2
146,23,62,1,3,0.0,3,0.25,2,0.0,2
213,53,19,2,3,0.75,3,0.75,3,1.0,4
317,28,39,1,1,0.0,3,0.5,5,1.0,1
414,35,60,1,3,1.0,3,0.75,2,0.0,5
184,32,16,1,1,1.0,3,0.75,3,0.0,5
143,37,27,1,3,0.5,3,0.5,3,1.0,3
35,20,12,1,1,1.0,3,0.5,2,0.0,5
178,13,34,1,2,0.5,2,0.75,2,0.0,2
395,56,18,1,3,1.0,3,0.5,2,0.0,5
274,30,20,2,3,1.0,3,0.75,2,0.0,5
150,28,39,1,3,0.5,2,0.5,3,0.0,2
373,35,60,1,1,0.75,3,0.75,3,1.0,4
93,28,39,2,3,1.0,3,1.0,3,1.0,5
402,24,46,2,3,0.75,3,0.75,3,1.0,4
202,22,33,2,3,0.75,2,0.5,3,0.0,5
64,52,6,1,1,0.0,3,0.25,3,0.0,2
286,34,42,1,3,0.25,3,0.0,3,0.0,2
247,42,13,2,3,0.75,2,0.75,2,0.0,5
189,22,33,1,1,0.25,3,0.25,3,0.0,2
136,24,46,1,3,1.0,3,1.0,2,0.0,5
136,36,64,1,1,1.0,3,0.75,2,0.0,5
213,68,2,2,3,0.75,3,0.5,3,1.0,4
365,31,9,2,1,0.25,3,0.5,3,1.0,3
153,48,30,1,1,0.75,3,0.5,3,0.0,4
86,25,36,1,3,1.0,3,0.5,3,0.0,5
422,43,28,2,3,0.5,3,0.75,3,0.0,3
219,47,8,2,1,0.0,3,0.0,2,0.0,1
195,14,58,2,2,1.0,3,0.75,3,0.0,4
375,39,14,2,3,0.75,3,0.5,2,0.0,4
93,1,48,1,2,0.75,3,0.5,3,1.0,3
251,23,62,2,3,0.5,2,0.5,2,0.0,2
259,68,2,2,3,0.5,2,0.5,3,1.0,4
288,24,46,1,1,0.5,3,0.5,3,0.0,2
113,64,32,1,1,1.0,3,0.5,5,1.0,5
92,68,2,2,3,0.5,2,0.5,2,0.0,2
120,66,4,2,3,1.0,2,0.75,3,0.0,4
397,66,4,2,3,1.0,2,0.5,2,0.0,5
106,16,52,1,2,0.75,2,0.75,2,0.0,4
131,37,27,2,3,0.25,3,0.5,2,0.0,2
374,25,36,2,1,1.0,3,0.75,3,0.0,4
111,63,45,2,1,0.0,3,0.5,3,0.0,1
125,44,40,1,1,0.0,3,0.25,2,0.0,1
303,68,2,1,1,0.75,3,0.75,3,0.0,4
272,26,26,2,1,1.0,3,0.5,2,0.0,5
388,20,12,1,1,1.0,3,0.5,1,0.0,5
392,12,56,2,2,1.0,3,1.0,3,0.0,5
140,5,5,1,2,0.25,2,0.25,2,0.0,2
244,5,5,1,2,1.0,3,0.75,1,0.0,4
437,38,57,1,3,1.0,2,0.5,2,0.0,5
341,24,46,2,1,0.5,3,0.25,2,0.0,3
257,20,12,2,3,1.0,3,1.0,3,0.0,5
10,44,40,1,1,0.75,3,0.0,3,0.0,2
337,37,27,1,1,0.5,1,0.5,3,0.0,2
333,9,59,1,2,0.75,2,0.5,3,1.0,5
154,48,30,1,1,0.25,3,0.0,3,1.0,2
396,32,16,1,1,0.75,3,0.5,3,0.0,4
256,24,46,2,1,1.0,3,0.75,2,0.0,4
280,6,11,2,2,0.75,3,1.0,2,0.0,4
24,17,22,1,2,1.0,3,1.0,2,0.0,5
397,62,63,2,3,0.75,2,0.25,2,0.0,4
262,31,9,1,1,1.0,3,0.75,2,1.0,4
176,67,47,1,1,0.25,3,0.5,3,0.0,1
393,48,30,1,1,0.5,3,0.25,2,0.0,2
397,35,60,2,3,0.5,2,0.25,2,0.0,4
7,69,65,1,1,1.0,3,0.5,3,0.0,5
395,24,46,1,3,0.5,3,0.5,2,0.0,4
427,35,60,1,1,0.5,3,0.5,5,0.0,2
198,40,3,1,1,1.0,3,0.75,2,0.0,5
121,4,41,2,2,0.75,3,0.5,2,0.0,3
316,48,30,2,1,0.75,3,0.75,3,0.0,4
452,48,30,1,3,1.0,3,1.0,2,0.0,5
143,33,50,1,3,0.25,3,0.0,3,1.0,2
345,31,9,2,1,1.0,3,0.5,2,0.0,5
149,48,30,2,3,0.5,3,0.75,3,0.0,4
299,27,49,1,1,0.5,3,0.75,2,1.0,4
76,50,61,2,1,0.0,3,0.0,2,0.0,2
244,34,42,1,1,1.0,3,0.75,1,0.0,4
94,41,7,1,1,0.75,3,0.25,3,0.0,4
192,62,63,1,1,1.0,3,1.0,3,0.0,5
167,38,57,1,1,0.25,3,0.25,2,0.0,1
393,36,64,1,1,1.0,3,0.75,2,0.0,5
266,40,3,1,1,0.75,3,0.5,3,0.0,5
452,39,14,1,3,0.75,3,0.75,2,0.0,5
23,51,15,2,3,0.75,2,0.5,3,1.0,2
104,62,63,2,3,1.0,2,0.75,3,1.0,5
387,46,35,1,1,1.0,3,0.25,2,0.0,5
165,18,53,1,2,0.25,3,0.25,3,0.0,3
58,20,12,1,3,0.5,3,0.75,3,0.0,5
359,26,26,2,3,0.75,3,0.75,2,1.0,5
171,12,56,1,2,0.75,3,0.75,2,0.0,4
36,20,12,2,1,0.0,3,0.75,2,0.0,5
319,24,46,1,1,0.75,1,0.75,2,0.0,2
372,24,46,2,1,1.0,3,0.75,3,0.0,5
144,20,12,1,1,0.25,3,0.25,2,0.0,1
28,67,47,1,1,0.0,3,0.25,2,0.0,1
289,28,39,1,1,0.0,3,0.0,3,1.0,2
195,31,9,1,1,0.75,3,0.75,3,0.0,4
314,43,28,2,1,0.5,3,0.5,2,0.0,4
295,49,21,1,3,1.0,3,1.0,3,0.0,5
136,17,22,1,2,0.25,3,0.25,2,0.0,2
62,39,14,2,1,1.0,3,0.75,3,1.0,5
446,23,62,1,1,0.0,3,0.0,2,0.0,1
71,23,62,1,3,0.0,3,0.0,3,0.0,1
53,29,37,2,1,0.75,3,0.25,2,0.0,4
209,6,11,1,2,0.5,2,0.5,3,1.0,2
124,36,64,1,3,1.0,3,0.75,3,1.0,5
211,33,50,1,1,1.0,3,0.25,1,1.0,5
32,63,45,2,3,1.0,2,1.0,2,0.0,5
179,23,62,2,3,0.5,2,0.5,3,0.0,2
81,50,61,1,1,1.0,3,0.75,2,0.0,3
389,67,47,2,1,1.0,3,0.5,2,0.0,5
103,48,30,2,1,0.75,3,0.5,3,1.0,5
349,36,64,1,1,0.5,3,0.5,3,1.0,4
414,28,39,1,3,0.5,3,0.75,2,0.0,2
307,14,58,1,2,0.25,3,0.25,2,0.0,1
359,30,20,2,3,0.5,3,0.75,2,1.0,2
328,24,46,1,3,1.0,3,0.5,2,0.0,5
285,68,2,1,1,0.75,3,1.0,2,0.0,5
104,52,6,1,1,1.0,1,0.5,3,1.0,5
418,29,37,1,3,1.0,3,0.75,3,0.0,5
205,14,58,1,2,0.75,2,0.5,2,0.0,5
136,67,47,1,1,0.0,3,0.25,2,0.0,1
54,29,37,2,3,1.0,3,1.0,3,0.0,5
205,0,17,1,2,0.75,2,0.5,2,0.0,5
105,68,2,1,1,0.5,3,0.5,3,0.0,3
85,26,26,1,1,0.25,3,0.25,2,0.0,1
295,67,47,1,3,0.5,3,0.5,3,0.0,3
86,69,65,1,1,1.0,3,0.5,3,0.0,5
401,18,53,1,2,0.5,2,0.25,2,0.0,3
104,24,46,1,1,0.5,1,0.5,3,1.0,2
332,20,12,1,1,0.5,3,0.25,2,0.0,2
351,48,30,2,1,0.5,3,0.25,2,0.0,3
50,49,21,1,1,0.5,3,0.5,2,0.0,3
427,33,50,1,1,0.5,3,0.5,5,0.0,4
124,53,19,1,1,0.25,3,0.5,3,1.0,1
52,68,2,1,1,1.0,3,0.5,3,0.0,5
441,24,46,1,1,0.0,3,0.0,1,1.0,1
393,16,52,1,2,0.5,3,0.25,2,0.0,3
393,31,9,1,1,1.0,3,0.75,2,0.0,5
116,32,16,1,1,0.75,3,0.75,2,0.0,3
244,57,67,1,1,1.0,3,0.75,1,0.0,4
232,53,19,1,1,0.75,3,0.75,3,0.0,4
362,39,14,1,1,1.0,3,0.75,3,0.0,4
82,61,25,2,3,0.5,3,0.5,3,0.0,4
452,57,67,1,3,0.25,3,0.25,2,0.0,2
375,48,30,2,3,1.0,3,0.75,2,0.0,4
285,41,7,1,1,0.75,3,1.0,2,0.0,4
37,56,18,1,1,0.75,3,1.0,3,0.0,2
16,35,60,2,3,0.25,3,0.25,2,0.0,1
22,1,48,1,2,0.0,3,0.25,3,1.0,2
181,60,66,1,1,1.0,3,0.5,3,0.0,5
219,52,6,2,3,0.0,3,0.0,2,0.0,1
423,18,53,1,2,0.25,3,0.5,3,1.0,1
355,63,45,2,3,0.5,3,0.75,2,0.0,1
244,66,4,1,3,0.0,3,0.5,1,0.0,1
112,57,67,1,3,0.0,2,0.5,5,1.0,2
8,19,51,1,2,0.5,2,0.5,2,0.0,3
52,28,39,1,1,0.0,3,0.5,3,0.0,1
42,68,2,2,1,1.0,3,1.0,2,0.0,5
400,57,67,1,3,0.75,1,1.0,3,1.0,4
288,35,60,1,1,0.25,3,0.25,3,0.0,1
5,9,59,1,2,0.5,2,0.5,2,0.0,2
303,32,16,2,3,0.75,3,0.75,3,0.0,5
6,69,65,1,3,0.75,2,1.0,3,0.0,5
435,55,29,2,1,0.75,3,0.5,2,0.0,4
323,1,48,2,2,0.25,3,0.5,3,0.0,2
365,23,62,2,1,0.25,3,0.25,3,1.0,2
7,41,7,1,1,1.0,3,0.0,3,0.0,5
136,68,2,1,1,0.75,3,0.75,2,0.0,4
402,58,1,2,1,0.75,3,0.75,3,1.0,4
136,52,6,1,3,0.0,3,0.25,2,0.0,1
111,43,28,2,3,0.25,3,0.25,3,0.0,2
257,26,26,2,3,0.75,3,1.0,3,0.0,2
356,50,61,1,1,0.75,3,0.75,3,0.0,1
445,2,23,2,2,0.25,3,0.25,5,1.0,2
443,28,39,1,3,0.25,1,0.25,2,0.0,2
119,31,9,1,1,0.5,3,0.75,5,1.0,3
36,50,61,2,1,0.5,3,1.0,2,0.0,2
363,21,10,1,1,0.5,3,0.5,2,0.0,5
429,63,45,2,3,0.25,2,0.25,3,0.0,2
169,18,53,1,2,0.25,3,0.25,2,0.0,2
357,68,2,1,1,0.75,3,0.75,2,0.0,5
32,65,70,2,3,0.25,2,0.25,2,0.0,2
361,39,14,1,3,0.25,1,0.5,3,1.0,2
113,34,42,1,1,1.0,3,0.5,5,1.0,4
229,20,12,1,1,0.75,3,0.75,3,0.0,5
296,30,20,1,1,0.25,3,0.0,3,1.0,1
284,42,13,1,3,0.75,3,0.75,3,0.0,4
270,36,64,2,1,0.5,3,1.0,2,0.0,2
288,32,16,1,1,1.0,3,1.0,3,0.0,3
176,46,35,1,1,0.25,3,0.5,3,0.0,2
386,43,28,2,1,0.5,3,0.5,2,0.0,3
148,44,40,1,1,0.75,3,0.5,5,1.0,5
